id,支付方式,押金,当前租约,剩余租约,最长可租,续租方式,分时出租
1269525,1月一付,3月房租,-,3个月,12个月,无,否
1280827,,,,,,无,
1282373,,,,,,无,
1282085,,,,,,无,
1284579,,,,,,无,
1273991,3月一付,3月房租,-,18个月,12个月,无,否
1271253,,,,,,无,
1272146,,,,,,无,
1273343,,,,,,无,
1269966,,,,,,无,
1274232,,,,,,无,
1264458,3月一付,2月房租,-,-,60个月,无,否
1277443,,,,,,无,
1277157,,,,,,无,
1256971,3月一付,3月房租,-,60个月,60个月,无,否
1212688,3月一付,2月房租,-,34个月,-,无,否
1287515,半年付（13.8万）,2月房租,-,54个月,60个月,无,否
1285148,,,,,,无,
1283228,,,,,,无,
1281100,,,,,,无,
1262663,3月一付,2月房租,-,40个月,36个月,无,否
1279213,,,,,,无,
1261965,半年付（15.96万）,2月房租,-,36个月,36个月,无,否
1250947,3月一付,1月房租,-,-,36个月,无,否
1273346,2月一付,3月房租,-,12个月,-,继续使用原租约,否
1228615,3月一付,3月房租,-,-,36个月,无,否
1024695,,,,,,无,
1225312,3月一付,1月房租,-,-,12个月,无,否
1236754,,,,,,无,
1297350,,,,,,无,
1286756,,,,,,无,
1237212,2月一付,2月房租,-,18个月,24个月,无,否
1253941,3月一付,1月房租,-,30个月,36个月,无,否
1220696,3月一付,3月房租,-,-,72个月,无,否
1295089,,,,,,无,
1283744,,,,,,无,
1274601,1月一付,2月房租,-,18个月,24个月,继续使用原租约,否
1286115,,,,,,无,
1297397,,,,,,无,
1286495,,,,,,无,
1287142,,,,,,无,
1263284,年付（7.32万）,1月房租,-,4个月,36个月,另签一份,否
1190577,,,,,,无,
1264050,半年付（12.5万）,20000元,-,42个月,60个月,无,否
1281167,,,,,,无,
1254878,3月一付,1月房租,-,7个月,36个月,无,否
1248324,半年付（7.2万）,2月房租,-,4个月,24个月,无,否
1189689,半年付（16.52万）,1月房租,-,-,60个月,无,否
1181264,年付（17万）,3月房租,-,48个月,12个月,无,否
1277181,,,,,,无,
1138410,半年付（4.08万）,1月房租,-,-,-,无,否
1205344,年付（2.04万）,1月房租,-,-,24个月,无,否
1283524,3月一付,3月房租,-,17个月,36个月,无,否
1294862,,,,,,无,
1281190,,,,,,无,
1145705,半年付（9万）,1月房租,-,-,12个月,无,否
1294926,,,,,,无,
1277476,,,,,,无,
1297464,,,,,,无,
1249838,3月一付,1月房租,-,-,36个月,无,否
1255535,2月一付,3月房租,-,36个月,60个月,无,否
1232886,半年付（8.7万）,1月房租,-,-,60个月,无,否
1272129,半年付（7.74万）,1月房租,-,6个月,36个月,无,否
1286912,,,,,,无,
1273178,3月一付,3月房租,-,24个月,60个月,无,否
1214837,3月一付,2月房租,-,-,36个月,无,否
1161714,半年付（8.04万）,50000元,-,-,60个月,无,否
1296906,,,,,,无,
1280863,,,,,,无,
1279437,,,,,,无,
1285495,,,,,,无,
1149317,3月一付,1月房租,-,-,60个月,无,否
1287998,,,,,,无,
1272768,半年付（2.9万）,3000元,-,6个月,24个月,无,否
1264897,,,,,,无,
1228724,2月一付,2月房租,-,-,-,无,否
1281736,,,,,,无,
1288865,,,,,,无,
1244887,3月一付,2月房租,-,36个月,-,无,否
1266453,1月一付,1月房租,-,24个月,24个月,无,否
1263824,3月一付,2月房租,-,12个月,36个月,继续使用原租约,否
1292494,,,,,,无,
1256886,,,,,,无,
1297039,,,,,,无,
1169797,,,,,,无,
1285594,,,,,,无,
1109030,半年付（6万）,1月房租,-,-,36个月,另签一份,否
1266729,2月一付,3月房租,-,60个月,60个月,无,否
1281033,,,,,,无,
1297410,,,,,,无,
1292356,,,,,,无,
1296893,,,,,,无,
1238724,3月一付,1月房租,-,51个月,48个月,无,否
1292605,,,,,,无,
1287207,,,,,,无,
1288587,,,,,,无,
1297352,,,,,,无,
1237204,3月一付,2月房租,-,-,72个月,无,否
1256108,1月一付,2月房租,-,36个月,60个月,另签一份,否
1283381,,,,,,无,
1287741,3月一付,3月房租,-,42个月,60个月,无,否
1297391,,,,,,无,
1292462,,,,,,无,
1297450,,,,,,无,
1297514,,,,,,无,
1296193,,,,,,无,
1294975,,,,,,无,
1228759,,,,,,无,
1288083,,,,,,无,
1283138,,,,,,无,
1286847,,,,,,无,
1294551,,,,,,无,
1287775,2月一付,2月房租,-,18个月,24个月,无,否
1279320,,,,,,无,
1294798,,,,,,无,
1296658,,,,,,无,
1292353,,,,,,无,
1282105,,,,,,无,
1289183,,,,,,无,
1294994,,,,,,无,
1210314,年付（180万）,1月房租,-,-,12个月,无,否
1191011,半年付（6万）,1月房租,-,-,36个月,无,否
1297635,,,,,,无,
1286972,,,,,,无,
1292445,,,,,,无,
1283748,,,,,,无,
1280723,,,,,,无,
1296223,,,,,,无,
1281018,,,,,,无,
1278773,,,,,,无,
1289002,,,,,,无,
1292519,,,,,,无,
1286547,年付（7万）,,-,36个月,36个月,无,否
1279096,,,,,,无,
1284218,,,,,,无,
1287319,,,,,,无,
1297646,,,,,,无,
1282026,,,,,,无,
1287344,,,,,,无,
1292363,,,,,,无,
1287247,,,,,,无,
1297527,,,,,,无,
1288625,,,,,,无,
1295044,,,,,,无,
1286352,,,,,,无,
1267673,,,,,,无,
1248532,,,,,,无,
1179574,3月一付,2月房租,-,-,-,无,否
1204299,,,,,,无,
1276746,,,,,,无,
1287072,,,,,,无,
1287280,,,,,,无,
1282034,,,,,,无,
1285033,,,,,,无,
1287634,,,,,,无,
1284765,,,,,,无,
1286772,1月一付,2月房租,-,18个月,24个月,无,否
1296508,,,,,,无,
1285469,,,,,,无,
1297194,,,,,,无,
1222577,,,,,,无,
1286428,,,,,,无,
1296585,,,,,,无,
1286769,,,,,,无,
1287334,,,,,,无,
1287386,,,,,,无,
1287366,,,,,,无,
1270159,,,,,,无,
1297378,,,,,,无,
1200630,年付（7.8万）,1月房租,-,-,36个月,无,否
1111533,半年付（6万）,1月房租,-,12个月,24个月,继续使用原租约 另签一份,否
1282012,,,,,,无,
1295056,,,,,,无,
1292780,,,,,,无,
1287188,,,,,,无,
1292522,,,,,,无,
1287183,,,,,,无,
1287597,,,,,,无,
1296206,,,,,,无,
1293302,,,,,,无,
1183092,1月一付,3月房租,-,22个月,36个月,继续使用原租约 另签一份,否
1286890,,,,,,无,
1286901,,,,,,无,
1294799,,,,,,无,
1295026,,,,,,无,
1284102,,,,,,无,
1281488,3月一付,1月房租,-,60个月,60个月,无,否
1284603,,,,,,无,
1272456,,,,,,无,
1282889,,,,,,无,
865630,3月一付,2月房租,-,-,12个月,无,否
1279575,,,,,,无,
1277150,,,,,,无,
1269165,,,,,,无,
1263292,,,,,,无,
1286472,,,,,,无,
1265002,,,,,,无,
1264021,年付（30万）,1月房租,-,-,36个月,无,否
1277127,,,,,,无,
1280883,,,,,,无,
1275259,,,,,,无,
1244567,3月一付,2月房租,-,-,60个月,无,否
1278266,,,,,,无,
1246506,,,,,,无,
1278267,,,,,,无,
1283303,,,,,,无,
1283184,,,,,,无,
1284125,,,,,,无,
1297631,,,,,,无,
1281693,3月一付,3月房租,-,60个月,72个月,无,否
1271760,,,,,,无,
1074349,3月一付,2月房租,-,-,60个月,无,否
1287627,,,,,,无,
1287727,,,,,,无,
1292568,,,,,,无,
1215607,半年付（2.1万）,1月房租,-,-,12个月,无,否
1274661,,,,,,无,
1293063,,,,,,无,
1287749,,,,,,无,
1277348,,,,,,无,
1280769,,,,,,无,
1275803,,,,,,无,
1275779,,,,,,无,
1055816,半年付（6万）,1月房租,-,11个月,24个月,继续使用原租约,否
1274937,,,,,,无,
1278702,,,,,,无,
1263465,,,,,,无,
1265096,,,,,,无,
1266144,,,,,,无,
943698,,,,,,无,
1282343,,,,,,无,
1283186,,,,,,无,
1296918,,,,,,无,
959101,3月一付,1月房租,-,-,12个月,另签一份,否
1244886,3月一付,2月房租,-,-,-,无,否
1296483,,,,,,无,
1136001,半年付（8万）,1月房租,-,-,36个月,无,否
1294938,,,,,,无,
1265569,,,,,,无,
1259536,,,,,,无,
1296958,,,,,,无,
1238631,半年付（40.8万）,1月房租,-,-,12个月,无,否
1292520,,,,,,无,
1279012,,,,,,无,
1226628,3月一付,1月房租,-,-,-,无,否
1263306,3月一付,2月房租,-,-,48个月,无,否
1296811,,,,,,无,
1297002,,,,,,无,
1266293,,,,,,无,
1278693,,,,,,无,
1287784,,,,,,无,
1288586,,,,,,无,
705641,3月一付,3月房租,-,-,24个月,无,否
1288753,,,,,,无,
1262994,,,,,,无,
1286474,,,,,,无,
1283837,,,,,,无,
1281953,,,,,,无,
1278926,,,,,,无,
1282017,,,,,,无,
1295031,,,,,,无,
1288699,,,,,,无,
1296736,,,,,,无,
1298340,,,,,,无,
1293448,,,,,,无,
1288733,,,,,,无,
1292638,,,,,,无,
1288422,,,,,,无,
1297634,,,,,,无,
1288750,,,,,,无,
1297632,,,,,,无,
1292438,,,,,,无,
1286298,,,,,,无,
1294937,,,,,,无,
1295933,,,,,,无,
1264759,,,,,,无,
1288005,,,,,,无,
1297067,,,,,,无,
1292541,,,,,,无,
1288075,,,,,,无,
1294530,,,,,,无,
1283829,,,,,,无,
1286246,,,,,,无,
1297604,,,,,,无,
1292630,,,,,,无,
903714,3月一付,1月房租,-,-,60个月,无,否
1297578,,,,,,无,
1297563,,,,,,无,
1297552,,,,,,无,
1297545,,,,,,无,
1297533,,,,,,无,
1297523,,,,,,无,
1297516,,,,,,无,
1297510,,,,,,无,
1297509,,,,,,无,
1297508,,,,,,无,
1297506,,,,,,无,
1297503,,,,,,无,
1297502,,,,,,无,
1297499,,,,,,无,
1297498,,,,,,无,
1297495,,,,,,无,
1297494,,,,,,无,
1297492,,,,,,无,
1297490,,,,,,无,
1297488,,,,,,无,
1297487,,,,,,无,
1297485,,,,,,无,
1297481,,,,,,无,
1297480,,,,,,无,
1297479,,,,,,无,
1297478,,,,,,无,
1297477,,,,,,无,
1297476,,,,,,无,
1297475,,,,,,无,
1297474,,,,,,无,
1297471,,,,,,无,
1297470,,,,,,无,
1297469,,,,,,无,
1297468,,,,,,无,
1297463,,,,,,无,
1297461,,,,,,无,
1297467,,,,,,无,
1297460,,,,,,无,
1297459,,,,,,无,
1297465,,,,,,无,
1297462,,,,,,无,
1297458,,,,,,无,
1295024,,,,,,无,
1269950,,,,,,无,
1294844,,,,,,无,
1297452,,,,,,无,
1297444,,,,,,无,
1297447,,,,,,无,
1297445,,,,,,无,
1297449,,,,,,无,
1297446,,,,,,无,
1297448,,,,,,无,
1297451,,,,,,无,
1272171,,,,,,无,
1296451,,,,,,无,
1297167,,,,,,无,
1296453,,,,,,无,
1297443,,,,,,无,
1297440,,,,,,无,
1297437,,,,,,无,
1297422,,,,,,无,
1297421,,,,,,无,
1297420,,,,,,无,
1297419,,,,,,无,
1297418,,,,,,无,
1297416,,,,,,无,
1297414,,,,,,无,
1297413,,,,,,无,
1297412,,,,,,无,
1297411,,,,,,无,
1297407,,,,,,无,
1297406,,,,,,无,
1297404,,,,,,无,
1297402,,,,,,无,
1297399,,,,,,无,
1297395,,,,,,无,
1297393,,,,,,无,
1297394,,,,,,无,
1297388,,,,,,无,
1297387,,,,,,无,
1297390,,,,,,无,
1294536,,,,,,无,
1297383,,,,,,无,
1297375,,,,,,无,
1297371,,,,,,无,
1297370,,,,,,无,
1297369,,,,,,无,
1297360,,,,,,无,
1297356,,,,,,无,
1297358,,,,,,无,
1297357,,,,,,无,
1297147,,,,,,无,
1297270,,,,,,无,
1297331,,,,,,无,
1297323,,,,,,无,
1297299,,,,,,无,
1288857,,,,,,无,
1297294,,,,,,无,
1297290,,,,,,无,
1297286,,,,,,无,
1297281,,,,,,无,
1297280,,,,,,无,
1297276,,,,,,无,
1297272,,,,,,无,
1297275,,,,,,无,
1297152,,,,,,无,
1286502,,,,,,无,
1297154,,,,,,无,
1297263,,,,,,无,
1297259,,,,,,无,
1297253,,,,,,无,
1232810,,,,,,无,
1277906,,,,,,无,
935556,3月一付,3月房租,-,-,36个月,无,否
1297146,,,,,,无,
1297148,,,,,,无,
1297149,,,,,,无,
1297150,,,,,,无,
1281616,,,,,,无,
1297153,,,,,,无,
1297155,,,,,,无,
1297156,,,,,,无,
1297157,,,,,,无,
1286951,3月一付,1月房租,-,36个月,60个月,继续使用原租约,否
1297171,,,,,,无,
1284972,3月一付,2月房租,-,-,60个月,无,否
1288378,,,,,,无,
1284619,,,,,,无,
1279465,,,,,,无,
1280798,,,,,,无,
1197215,半年付（4万）,1月房租,-,54个月,60个月,无,否
1282494,,,,,,无,
1281904,,,,,,无,
1277349,,,,,,无,
1277445,,,,,,无,
1278251,,,,,,无,
1297010,,,,,,无,
1284860,,,,,,无,
1284148,,,,,,无,
1278509,,,,,,无,
1279102,,,,,,无,
1198384,2月一付,2月房租,-,-,-,无,否
1297013,,,,,,无,
1296435,,,,,,无,
1296446,,,,,,无,
1296447,,,,,,无,
1296748,,,,,,无,
1296807,,,,,,无,
1296823,,,,,,无,
1296901,,,,,,无,
1296909,,,,,,无,
1296976,,,,,,无,
1288581,,,,,,无,
1279120,,,,,,无,
796904,年付（33.96万）,1月房租,-,6个月,12个月,继续使用原租约,否
1275808,,,,,,无,
1280821,,,,,,无,
1294527,,,,,,无,
1294529,,,,,,无,
1281413,,,,,,无,
1281465,,,,,,无,
1281065,,,,,,无,
1281311,,,,,,无,
1250900,,,,,,无,
1296504,,,,,,无,
1294526,,,,,,无,
1288433,,,,,,无,
1281078,,,,,,无,
1282433,,,,,,无,
1233964,半年付（10.8万）,2月房租,-,3个月,36个月,无,否
1295012,,,,,,无,
1294517,,,,,,无,
1294522,,,,,,无,
1281071,,,,,,无,
1288298,,,,,,无,
1280879,,,,,,无,
1287717,,,,,,无,
1280889,,,,,,无,
1281902,,,,,,无,
1281708,,,,,,无,
1288402,,,,,,无,
1279227,,,,,,无,
1296977,,,,,,无,
1296957,,,,,,无,
1279461,,,,,,无,
1296966,,,,,,无,
1296968,,,,,,无,
1296965,,,,,,无,
1295017,,,,,,无,
1201847,年付（126.52万）,3月房租,-,60个月,-,继续使用原租约,否
1296951,,,,,,无,
1296947,,,,,,无,
1296950,,,,,,无,
1296952,,,,,,无,
1296949,,,,,,无,
1296946,,,,,,无,
1296953,,,,,,无,
1296945,,,,,,无,
1296948,,,,,,无,
1296944,,,,,,无,
1296444,,,,,,无,
1296941,,,,,,无,
1296940,,,,,,无,
1296939,,,,,,无,
1296938,,,,,,无,
1296937,,,,,,无,
1296936,,,,,,无,
1296935,,,,,,无,
1296934,,,,,,无,
1296933,,,,,,无,
1296932,,,,,,无,
1296921,,,,,,无,
1296920,,,,,,无,
1296931,,,,,,无,
1296930,,,,,,无,
1296924,,,,,,无,
1296925,,,,,,无,
1296922,,,,,,无,
1296923,,,,,,无,
1296928,,,,,,无,
1296929,,,,,,无,
1296916,,,,,,无,
1296915,,,,,,无,
1296914,,,,,,无,
1296913,,,,,,无,
1296912,,,,,,无,
1296911,,,,,,无,
1296910,,,,,,无,
1296907,,,,,,无,
1296905,,,,,,无,
1296904,,,,,,无,
1296903,,,,,,无,
1296902,,,,,,无,
1296900,,,,,,无,
1296899,,,,,,无,
1296898,,,,,,无,
1296890,,,,,,无,
1296897,,,,,,无,
1296894,,,,,,无,
1296891,,,,,,无,
1296892,,,,,,无,
1296895,,,,,,无,
1296889,,,,,,无,
1296896,,,,,,无,
1296888,,,,,,无,
1294539,,,,,,无,
1296882,,,,,,无,
1296871,,,,,,无,
1296869,,,,,,无,
1296866,,,,,,无,
1296864,,,,,,无,
1286480,3月一付,2月房租,-,24个月,24个月,无,否
1296862,,,,,,无,
1296861,,,,,,无,
1296859,,,,,,无,
1296857,,,,,,无,
1296855,,,,,,无,
1296854,,,,,,无,
1296487,,,,,,无,
1296847,,,,,,无,
1296841,,,,,,无,
1296832,,,,,,无,
1296829,,,,,,无,
1296828,,,,,,无,
1296826,,,,,,无,
1296825,,,,,,无,
1296817,,,,,,无,
1296809,,,,,,无,
1296806,,,,,,无,
1296804,,,,,,无,
1296803,,,,,,无,
1296802,,,,,,无,
1296801,,,,,,无,
1296800,,,,,,无,
1296794,,,,,,无,
1296797,,,,,,无,
1296796,,,,,,无,
1296791,,,,,,无,
1296792,,,,,,无,
1296848,,,,,,无,
1296431,,,,,,无,
1296755,,,,,,无,
1296747,,,,,,无,
1296741,,,,,,无,
1296694,,,,,,无,
1137703,半年付（2.64万）,2月房租,-,24个月,24个月,继续使用原租约,否
1266013,3月一付,2月房租,-,-,12个月,无,否
1296654,,,,,,无,
1296653,,,,,,无,
1296651,,,,,,无,
1296648,,,,,,无,
1269203,3月一付,2月房租,-,9个月,24个月,无,否
1296646,,,,,,无,
1296643,,,,,,无,
1296640,,,,,,无,
1296638,,,,,,无,
1296634,,,,,,无,
1241598,3月一付,3月房租,-,-,60个月,无,否
1296633,,,,,,无,
1296625,,,,,,无,
1296623,,,,,,无,
1296619,,,,,,无,
1296612,,,,,,无,
1296600,,,,,,无,
1296596,,,,,,无,
1296593,,,,,,无,
1296589,,,,,,无,
1288104,,,,,,无,
1288100,,,,,,无,
1234924,半年付（15.6万）,1月房租,-,-,36个月,无,否
953000,3月一付,3月房租,-,-,60个月,无,否
952996,,,,,,无,
907304,3月一付,3月房租,-,-,60个月,无,否
1294825,,,,,,无,
1294852,,,,,,无,
1123075,3月一付,3月房租,-,-,36个月,无,否
1286697,,,,,,无,
1286740,,,,,,无,
1286765,,,,,,无,
1286766,,,,,,无,
1286785,,,,,,无,
1286877,,,,,,无,
1284617,,,,,,无,
1283197,,,,,,无,
1286922,,,,,,无,
1285467,,,,,,无,
1284871,,,,,,无,
1283820,,,,,,无,
1283857,,,,,,无,
1288582,,,,,,无,
1284082,,,,,,无,
1284818,,,,,,无,
1292498,,,,,,无,
1279230,,,,,,无,
1284624,,,,,,无,
1281995,,,,,,无,
1284160,,,,,,无,
1284155,,,,,,无,
1284124,,,,,,无,
1287602,,,,,,无,
1294854,,,,,,无,
1284139,,,,,,无,
1283842,,,,,,无,
1278683,,,,,,无,
1280725,,,,,,无,
1282873,,,,,,无,
1280067,,,,,,无,
1296494,,,,,,无,
1278217,,,,,,无,
1296495,,,,,,无,
1296493,,,,,,无,
1296492,,,,,,无,
1296491,,,,,,无,
1296490,,,,,,无,
1285956,,,,,,无,
1281060,,,,,,无,
1296439,,,,,,无,
1277822,,,,,,无,
1288631,,,,,,无,
1288380,,,,,,无,
1288674,,,,,,无,
1277592,,,,,,无,
1283871,,,,,,无,
1292577,,,,,,无,
1296430,,,,,,无,
1286434,,,,,,无,
1296436,,,,,,无,
1294520,,,,,,无,
1286537,,,,,,无,
1296437,,,,,,无,
1277303,,,,,,无,
1294523,,,,,,无,
1296438,,,,,,无,
1296440,,,,,,无,
1296460,,,,,,无,
1296432,,,,,,无,
1296443,,,,,,无,
1282574,,,,,,无,
1296450,,,,,,无,
1296449,,,,,,无,
1289153,,,,,,无,
1296445,,,,,,无,
1296448,,,,,,无,
1257162,,,,,,无,
1291647,,,,,,无,
1296452,,,,,,无,
1286831,,,,,,无,
1296456,,,,,,无,
799994,3月一付,1月房租,-,-,36个月,无,否
1277188,,,,,,无,
1279427,,,,,,无,
1285653,,,,,,无,
1285412,,,,,,无,
1286852,,,,,,无,
1292328,,,,,,无,
1287635,,,,,,无,
1282589,,,,,,无,
1294982,,,,,,无,
1276357,,,,,,无,
1286968,,,,,,无,
1292479,,,,,,无,
1257523,半年付（1.92万）,1月房租,-,-,24个月,无,否
1286881,,,,,,无,
1287171,,,,,,无,
1287204,,,,,,无,
1287092,,,,,,无,
1294853,,,,,,无,
1296166,,,,,,无,
1286090,,,,,,无,
1288105,,,,,,无,
1288304,,,,,,无,
1271214,,,,,,无,
1288072,,,,,,无,
1038443,3月一付,2月房租,-,-,24个月,无,否
1295039,,,,,,无,
1285161,,,,,,无,
1285167,,,,,,无,
1250897,2月一付,1月房租,-,-,36个月,无,否
1287623,,,,,,无,
1284114,,,,,,无,
1269365,,,,,,无,
1288593,,,,,,无,
1288851,,,,,,无,
1286928,,,,,,无,
1286952,,,,,,无,
1296292,,,,,,无,
1287133,,,,,,无,
1294923,,,,,,无,
1294542,,,,,,无,
1281698,,,,,,无,
1292524,,,,,,无,
1287356,,,,,,无,
1294550,,,,,,无,
1295105,,,,,,无,
1296243,,,,,,无,
1296241,,,,,,无,
1296234,,,,,,无,
1296238,,,,,,无,
1296236,,,,,,无,
1296237,,,,,,无,
1288588,,,,,,无,
1294858,,,,,,无,
1288646,,,,,,无,
1296227,,,,,,无,
1296220,,,,,,无,
1296217,,,,,,无,
1296224,,,,,,无,
1296226,,,,,,无,
1296219,,,,,,无,
1296222,,,,,,无,
1296225,,,,,,无,
1296216,,,,,,无,
1296212,,,,,,无,
1296204,,,,,,无,
1296202,,,,,,无,
1296200,,,,,,无,
1296199,,,,,,无,
1296198,,,,,,无,
1296197,,,,,,无,
1296186,,,,,,无,
1296187,,,,,,无,
1296189,,,,,,无,
1296191,,,,,,无,
1296188,,,,,,无,
1296173,,,,,,无,
1296171,,,,,,无,
1296149,,,,,,无,
1296147,,,,,,无,
1296142,,,,,,无,
1296137,,,,,,无,
1296136,,,,,,无,
1296133,,,,,,无,
1296113,,,,,,无,
1296104,,,,,,无,
1296102,,,,,,无,
1296087,,,,,,无,
1296088,,,,,,无,
1296086,,,,,,无,
1296093,,,,,,无,
1273003,年付（6万）,2000元,-,6个月,12个月,无,否
1296080,,,,,,无,
1296072,,,,,,无,
1296068,,,,,,无,
1296057,,,,,,无,
1296036,,,,,,无,
1295962,,,,,,无,
1295959,,,,,,无,
1295940,,,,,,无,
1295935,,,,,,无,
1295930,,,,,,无,
1295923,,,,,,无,
1295635,,,,,,无,
1295632,,,,,,无,
1295636,,,,,,无,
1295633,,,,,,无,
1295630,,,,,,无,
1295631,,,,,,无,
1295088,,,,,,无,
1295090,,,,,,无,
1295085,,,,,,无,
1295087,,,,,,无,
1295078,,,,,,无,
1295075,,,,,,无,
1295074,,,,,,无,
1295073,,,,,,无,
1295071,,,,,,无,
1295072,,,,,,无,
1295070,,,,,,无,
1280732,,,,,,无,
1287159,,,,,,无,
1287164,,,,,,无,
1287176,,,,,,无,
1287648,,,,,,无,
1295055,,,,,,无,
1295053,,,,,,无,
1295054,,,,,,无,
1295052,,,,,,无,
1134362,,,,,,无,
1293098,,,,,,无,
1295047,,,,,,无,
1295048,,,,,,无,
1295046,,,,,,无,
1295043,,,,,,无,
1294557,,,,,,无,
1295042,,,,,,无,
1295041,,,,,,无,
1285726,,,,,,无,
1295036,,,,,,无,
1295037,,,,,,无,
1295035,,,,,,无,
1295032,,,,,,无,
1295033,,,,,,无,
1284596,,,,,,无,
1294913,,,,,,无,
1295018,,,,,,无,
1295019,,,,,,无,
1295020,,,,,,无,
1295023,,,,,,无,
1295030,,,,,,无,
1295029,,,,,,无,
1295021,,,,,,无,
1295028,,,,,,无,
1295025,,,,,,无,
1295022,,,,,,无,
1295027,,,,,,无,
1287239,,,,,,无,
1287338,,,,,,无,
1294736,,,,,,无,
1295013,,,,,,无,
1295011,,,,,,无,
1295014,,,,,,无,
1295015,,,,,,无,
1294996,,,,,,无,
1294997,,,,,,无,
1294992,,,,,,无,
1294990,,,,,,无,
1294989,,,,,,无,
1294991,,,,,,无,
1294995,,,,,,无,
1294993,,,,,,无,
1294998,,,,,,无,
1281927,,,,,,无,
1294962,,,,,,无,
1294983,,,,,,无,
1294981,,,,,,无,
1294984,,,,,,无,
1281982,,,,,,无,
1294731,,,,,,无,
1294978,,,,,,无,
1294979,,,,,,无,
1294977,,,,,,无,
1294976,,,,,,无,
1294966,,,,,,无,
1294969,,,,,,无,
1294970,,,,,,无,
1294968,,,,,,无,
1294967,,,,,,无,
1294971,,,,,,无,
1294974,,,,,,无,
1294972,,,,,,无,
1294973,,,,,,无,
1294846,,,,,,无,
1294964,,,,,,无,
1294963,,,,,,无,
1294845,,,,,,无,
1294927,,,,,,无,
1294933,,,,,,无,
1294935,,,,,,无,
1294931,,,,,,无,
1294934,,,,,,无,
1294930,,,,,,无,
1294936,,,,,,无,
1294928,,,,,,无,
1294932,,,,,,无,
1288596,,,,,,无,
1294921,,,,,,无,
1294922,,,,,,无,
1294920,,,,,,无,
1294918,,,,,,无,
1294917,,,,,,无,
1294919,,,,,,无,
1277444,,,,,,无,
1294914,,,,,,无,
1294912,,,,,,无,
1277449,,,,,,无,
1294908,,,,,,无,
1294910,,,,,,无,
1294909,,,,,,无,
820756,3月一付,1月房租,-,-,24个月,另签一份,否
1288376,,,,,,无,
1294554,,,,,,无,
1277831,,,,,,无,
1294800,,,,,,无,
1294906,,,,,,无,
1294561,,,,,,无,
1294905,,,,,,无,
1294847,,,,,,无,
1294901,,,,,,无,
1294848,,,,,,无,
1277676,,,,,,无,
1256057,3月一付,2月房租,-,13个月,24个月,无,否
1294880,,,,,,无,
1282368,,,,,,无,
1029750,3月一付,1月房租,-,-,36个月,无,否
1281066,,,,,,无,
1294879,,,,,,无,
1294878,,,,,,无,
1284681,,,,,,无,
1294808,,,,,,无,
1294872,,,,,,无,
1294874,,,,,,无,
1294873,,,,,,无,
1294871,,,,,,无,
1284108,,,,,,无,
1281877,,,,,,无,
1294859,,,,,,无,
1294843,,,,,,无,
1294867,,,,,,无,
1294868,,,,,,无,
1286503,,,,,,无,
1294863,,,,,,无,
1294864,,,,,,无,
1294849,,,,,,无,
1274917,,,,,,无,
1294801,,,,,,无,
1294857,,,,,,无,
1294821,,,,,,无,
1294826,,,,,,无,
1282446,,,,,,无,
1284664,,,,,,无,
1286396,,,,,,无,
1294802,,,,,,无,
1294804,,,,,,无,
1294805,,,,,,无,
1294806,,,,,,无,
1286292,,,,,,无,
1148006,3月一付,1月房租,-,-,60个月,无,否
1294807,,,,,,无,
1294810,,,,,,无,
1294525,,,,,,无,
1294811,,,,,,无,
1294815,,,,,,无,
1294816,,,,,,无,
1294563,,,,,,无,
1294564,,,,,,无,
1294812,,,,,,无,
1288702,,,,,,无,
1294533,,,,,,无,
1287742,,,,,,无,
1294534,,,,,,无,
1288777,,,,,,无,
1286382,,,,,,无,
1294537,,,,,,无,
1294541,,,,,,无,
1294519,,,,,,无,
1294544,,,,,,无,
1294521,,,,,,无,
1288873,,,,,,无,
1294531,,,,,,无,
1294524,,,,,,无,
1294528,,,,,,无,
1261117,3月一付,1月房租,-,2个月,24个月,无,否
1264455,3月一付,3月房租,-,1个月,36个月,无,-
1256074,3月一付,3月房租,-,2个月,12个月,无,否
1294548,,,,,,无,
1294547,,,,,,无,
1294545,,,,,,无,
1294752,,,,,,无,
1294751,,,,,,无,
1286210,,,,,,无,
1294746,,,,,,无,
1294745,,,,,,无,
1294744,,,,,,无,
1294553,,,,,,无,
1294740,,,,,,无,
1294742,,,,,,无,
1294741,,,,,,无,
1294562,,,,,,无,
1294730,,,,,,无,
1294732,,,,,,无,
1294733,,,,,,无,
1293435,,,,,,无,
1294652,,,,,,无,
1294624,,,,,,无,
1286774,,,,,,无,
1286001,,,,,,无,
1284981,,,,,,无,
1283879,,,,,,无,
1293995,,,,,,无,
1267560,,,,,,无,
1277142,,,,,,无,
1293892,,,,,,无,
1293874,,,,,,无,
1293795,,,,,,无,
1284660,,,,,,无,
1293703,,,,,,无,
1293655,,,,,,无,
1293629,,,,,,无,
1293613,,,,,,无,
1293610,,,,,,无,
1293597,,,,,,无,
1293588,,,,,,无,
1293586,,,,,,无,
1293565,,,,,,无,
1293514,,,,,,无,
1282366,,,,,,无,
1293454,,,,,,无,
1293446,,,,,,无,
1293433,,,,,,无,
1293422,,,,,,无,
1293419,,,,,,无,
1293410,,,,,,无,
1293409,,,,,,无,
1293407,,,,,,无,
1293401,,,,,,无,
1293394,,,,,,无,
1293388,,,,,,无,
1293380,,,,,,无,
1293373,,,,,,无,
1293365,,,,,,无,
1293360,,,,,,无,
1293359,,,,,,无,
1293358,,,,,,无,
1293351,,,,,,无,
1293349,,,,,,无,
1293347,,,,,,无,
1293345,,,,,,无,
1293335,,,,,,无,
1293310,,,,,,无,
1293308,,,,,,无,
1293301,,,,,,无,
1293300,,,,,,无,
1293289,,,,,,无,
1293288,,,,,,无,
1293284,,,,,,无,
1293280,,,,,,无,
1293276,,,,,,无,
1293275,,,,,,无,
1293272,,,,,,无,
1293267,,,,,,无,
1293264,,,,,,无,
1293259,,,,,,无,
1293257,,,,,,无,
1293247,,,,,,无,
1293245,,,,,,无,
1293243,,,,,,无,
1293241,,,,,,无,
1293225,,,,,,无,
1293224,,,,,,无,
1293219,,,,,,无,
1293213,,,,,,无,
1293212,,,,,,无,
1293210,,,,,,无,
1293207,,,,,,无,
1293203,,,,,,无,
1293200,,,,,,无,
1293194,,,,,,无,
1293182,,,,,,无,
1293173,,,,,,无,
1293166,,,,,,无,
1285477,,,,,,无,
1293156,,,,,,无,
1293154,,,,,,无,
1293151,,,,,,无,
1293136,,,,,,无,
1293123,,,,,,无,
1293115,,,,,,无,
1293112,,,,,,无,
1293109,,,,,,无,
1293108,,,,,,无,
1293105,,,,,,无,
1293104,,,,,,无,
1293103,,,,,,无,
1293100,,,,,,无,
1293097,,,,,,无,
1293095,,,,,,无,
1293094,,,,,,无,
1293090,,,,,,无,
1293089,,,,,,无,
1293086,,,,,,无,
1293085,,,,,,无,
1293084,,,,,,无,
1293082,,,,,,无,
1293081,,,,,,无,
1293076,,,,,,无,
1293075,,,,,,无,
1293073,,,,,,无,
1293071,,,,,,无,
1293070,,,,,,无,
1293069,,,,,,无,
1293030,,,,,,无,
1292990,,,,,,无,
1292954,,,,,,无,
1292927,,,,,,无,
1292910,,,,,,无,
1292897,,,,,,无,
1292890,,,,,,无,
1292882,,,,,,无,
1278827,,,,,,无,
1286308,,,,,,无,
1287737,,,,,,无,
1292845,,,,,,无,
1292841,,,,,,无,
1292839,,,,,,无,
1292823,,,,,,无,
1292820,,,,,,无,
1292805,,,,,,无,
1292801,,,,,,无,
1292778,,,,,,无,
1292770,,,,,,无,
1278999,,,,,,无,
1279118,,,,,,无,
838366,3月一付,1月房租,-,-,36个月,无,否
1206434,3月一付,3月房租,-,-,36个月,无,否
1288658,,,,,,无,
1285528,,,,,,无,
1282608,,,,,,无,
1277320,,,,,,无,
1277438,,,,,,无,
1281059,,,,,,无,
1283807,,,,,,无,
1259289,,,,,,无,
1292642,,,,,,无,
1292640,,,,,,无,
1292643,,,,,,无,
1292641,,,,,,无,
1292636,,,,,,无,
1292639,,,,,,无,
1292637,,,,,,无,
1292632,,,,,,无,
1292629,,,,,,无,
1292631,,,,,,无,
1292626,,,,,,无,
1292625,,,,,,无,
1292620,,,,,,无,
1292621,,,,,,无,
1292619,,,,,,无,
1292622,,,,,,无,
1292624,,,,,,无,
1292623,,,,,,无,
1292614,,,,,,无,
1292612,,,,,,无,
1292615,,,,,,无,
1292611,,,,,,无,
1292613,,,,,,无,
1283005,,,,,,无,
1292597,,,,,,无,
1292598,,,,,,无,
1292600,,,,,,无,
1292608,,,,,,无,
1292603,,,,,,无,
1292606,,,,,,无,
1292609,,,,,,无,
1292599,,,,,,无,
1292604,,,,,,无,
1292602,,,,,,无,
1292607,,,,,,无,
1292601,,,,,,无,
1283290,,,,,,无,
1241531,,,,,,无,
1292591,,,,,,无,
1292593,,,,,,无,
1292594,,,,,,无,
1292595,,,,,,无,
1292592,,,,,,无,
1292590,,,,,,无,
1292587,,,,,,无,
1292583,,,,,,无,
1292586,,,,,,无,
1292589,,,,,,无,
1292584,,,,,,无,
1292585,,,,,,无,
1282387,,,,,,无,
1281924,,,,,,无,
1260843,,,,,,无,
1292579,,,,,,无,
1292576,,,,,,无,
1292582,,,,,,无,
1292581,,,,,,无,
1292580,,,,,,无,
1292578,,,,,,无,
1287375,,,,,,无,
1285237,,,,,,无,
1292571,,,,,,无,
1292570,,,,,,无,
1292569,,,,,,无,
1292567,,,,,,无,
1292572,,,,,,无,
1292573,,,,,,无,
1292564,,,,,,无,
1292560,,,,,,无,
1292557,,,,,,无,
1292559,,,,,,无,
1292556,,,,,,无,
1292562,,,,,,无,
1292565,,,,,,无,
1292555,,,,,,无,
1292566,,,,,,无,
1292553,,,,,,无,
1292558,,,,,,无,
1292554,,,,,,无,
1292563,,,,,,无,
1292548,,,,,,无,
1292543,,,,,,无,
1292547,,,,,,无,
1292545,,,,,,无,
1292542,,,,,,无,
1292550,,,,,,无,
1292544,,,,,,无,
1292549,,,,,,无,
1292546,,,,,,无,
1292525,,,,,,无,
1292521,,,,,,无,
1292523,,,,,,无,
1292526,,,,,,无,
1288436,,,,,,无,
1287614,,,,,,无,
1292517,,,,,,无,
1292518,,,,,,无,
1292513,,,,,,无,
1284785,,,,,,无,
1285243,,,,,,无,
1202513,3月一付,2月房租,-,-,60个月,无,否
1292511,,,,,,无,
1292512,,,,,,无,
1281150,,,,,,无,
1292508,,,,,,无,
1292507,,,,,,无,
1292509,,,,,,无,
1270282,,,,,,无,
1292503,,,,,,无,
1292505,,,,,,无,
1292506,,,,,,无,
1292504,,,,,,无,
1285720,,,,,,无,
1283216,,,,,,无,
1281028,,,,,,无,
1235339,3月一付,1月房租,-,-,36个月,无,否
1292499,,,,,,无,
1292500,,,,,,无,
1282209,,,,,,无,
1268304,,,,,,无,
1292495,,,,,,无,
1292497,,,,,,无,
1292496,,,,,,无,
1260282,3月一付,1月房租,-,-,24个月,无,否
1192615,半年付（27万）,2月房租,-,-,36个月,无,否
1220667,3月一付,2月房租,-,-,96个月,无,否
1292491,,,,,,无,
1292492,,,,,,无,
1288714,,,,,,无,
1292489,,,,,,无,
1292490,,,,,,无,
1284828,,,,,,无,
1269032,,,,,,无,
1268921,,,,,,无,
1292482,,,,,,无,
1292485,,,,,,无,
1292486,,,,,,无,
1292483,,,,,,无,
1292484,,,,,,无,
1292487,,,,,,无,
1292488,,,,,,无,
1278937,,,,,,无,
1286803,,,,,,无,
1292475,,,,,,无,
1292478,,,,,,无,
1292476,,,,,,无,
1292477,,,,,,无,
1292474,,,,,,无,
1292473,,,,,,无,
1288748,,,,,,无,
1282398,,,,,,无,
1292469,,,,,,无,
1292468,,,,,,无,
1292467,,,,,,无,
1292466,,,,,,无,
1292454,,,,,,无,
1292455,,,,,,无,
1292456,,,,,,无,
1292458,,,,,,无,
1292457,,,,,,无,
1292465,,,,,,无,
1292464,,,,,,无,
1292459,,,,,,无,
1292460,,,,,,无,
1292463,,,,,,无,
1292461,,,,,,无,
1256048,,,,,,无,
1282406,,,,,,无,
1282222,,,,,,无,
1279468,,,,,,无,
1288395,,,,,,无,
1292450,,,,,,无,
1292451,,,,,,无,
1292447,,,,,,无,
1292448,,,,,,无,
1292446,,,,,,无,
1292449,,,,,,无,
1289296,,,,,,无,
1292440,,,,,,无,
1292441,,,,,,无,
1292439,,,,,,无,
1292442,,,,,,无,
865628,3月一付,2月房租,-,-,12个月,无,否
1287581,,,,,,无,
1292362,,,,,,无,
1292364,,,,,,无,
1287647,,,,,,无,
1277113,,,,,,无,
1267559,,,,,,无,
1277117,,,,,,无,
1285133,,,,,,无,
1292352,,,,,,无,
1292355,,,,,,无,
1292351,,,,,,无,
1292354,,,,,,无,
1292358,,,,,,无,
1292357,,,,,,无,
1265662,,,,,,无,
1269856,,,,,,无,
1262721,,,,,,无,
1285142,,,,,,无,
1277384,,,,,,无,
1292343,,,,,,无,
1292340,,,,,,无,
1292345,,,,,,无,
1292346,,,,,,无,
1292347,,,,,,无,
1292344,,,,,,无,
1279090,,,,,,无,
1244541,1月一付,3月房租,-,34个月,34个月,无,否
1274235,,,,,,无,
1274904,,,,,,无,
1264134,,,,,,无,
1292330,,,,,,无,
1292329,,,,,,无,
1292332,,,,,,无,
1292333,,,,,,无,
1292331,,,,,,无,
1292334,,,,,,无,
1286708,,,,,,无,
1287559,,,,,,无,
1292325,,,,,,无,
1292322,,,,,,无,
1292323,,,,,,无,
1292324,,,,,,无,
1287770,,,,,,无,
1143614,3月一付,2月房租,-,-,60个月,无,否
855292,3月一付,1月房租,-,-,60个月,无,否
1292319,,,,,,无,
1292318,,,,,,无,
1292315,,,,,,无,
1292316,,,,,,无,
1292317,,,,,,无,
1286792,,,,,,无,
1285731,,,,,,无,
1288779,,,,,,无,
1292310,,,,,,无,
1292309,,,,,,无,
1278751,,,,,,无,
981754,半年付（2.4万）,1月房租,-,-,24个月,另签一份,否
1284851,,,,,,无,
1287838,,,,,,无,
1292303,,,,,,无,
1282416,,,,,,无,
1292209,,,,,,无,
1292030,,,,,,无,
1291166,,,,,,无,
1290931,,,,,,无,
1272770,,,,,,无,
1285156,,,,,,无,
1258419,3月一付,1月房租,-,60个月,36个月,无,否
1220613,3月一付,1月房租,-,6个月,36个月,无,否
1289805,,,,,,无,
1289768,,,,,,无,
1289752,,,,,,无,
1289750,,,,,,无,
1289732,,,,,,无,
1289719,,,,,,无,
1289710,,,,,,无,
1286937,,,,,,无,
1286012,,,,,,无,
1288073,,,,,,无,
1284886,,,,,,无,
1289354,,,,,,无,
1289323,,,,,,无,
1289321,,,,,,无,
1289317,,,,,,无,
1289316,,,,,,无,
1289306,,,,,,无,
1282550,,,,,,无,
1289289,,,,,,无,
1289265,,,,,,无,
1289264,,,,,,无,
1289262,,,,,,无,
1288768,,,,,,无,
1289242,,,,,,无,
1289239,,,,,,无,
1289235,,,,,,无,
1287687,,,,,,无,
1289230,,,,,,无,
1289229,,,,,,无,
1289226,,,,,,无,
1289223,,,,,,无,
1289215,,,,,,无,
1289208,,,,,,无,
1289202,,,,,,无,
1289199,,,,,,无,
1289187,,,,,,无,
1289149,,,,,,无,
1289139,,,,,,无,
1289135,,,,,,无,
1287168,,,,,,无,
1289078,,,,,,无,
1281528,,,,,,无,
1289066,,,,,,无,
1289058,,,,,,无,
1289049,,,,,,无,
1289033,,,,,,无,
1289095,,,,,,无,
1289007,,,,,,无,
1286742,,,,,,无,
1289004,,,,,,无,
1289003,,,,,,无,
1289001,,,,,,无,
1289000,,,,,,无,
1288999,,,,,,无,
1288998,,,,,,无,
1288997,,,,,,无,
1288996,,,,,,无,
1288995,,,,,,无,
1288994,,,,,,无,
1288993,,,,,,无,
1288992,,,,,,无,
1288991,,,,,,无,
1288990,,,,,,无,
1288989,,,,,,无,
1288988,,,,,,无,
1288987,,,,,,无,
1288986,,,,,,无,
1288985,,,,,,无,
1288984,,,,,,无,
1288983,,,,,,无,
1288982,,,,,,无,
1288981,,,,,,无,
1288980,,,,,,无,
1288979,,,,,,无,
1288978,,,,,,无,
1288971,,,,,,无,
1288949,,,,,,无,
1280787,,,,,,无,
1288931,,,,,,无,
1288923,,,,,,无,
1288892,,,,,,无,
1288896,,,,,,无,
1288897,,,,,,无,
1288859,,,,,,无,
1282531,,,,,,无,
1287349,,,,,,无,
1288889,,,,,,无,
1288888,,,,,,无,
1288887,,,,,,无,
1288886,,,,,,无,
1288885,,,,,,无,
1288884,,,,,,无,
1288883,,,,,,无,
1288882,,,,,,无,
1288881,,,,,,无,
1288880,,,,,,无,
1288879,,,,,,无,
1288878,,,,,,无,
1288877,,,,,,无,
1288876,,,,,,无,
1288875,,,,,,无,
1288874,,,,,,无,
1288868,,,,,,无,
1288871,,,,,,无,
1288866,,,,,,无,
1288869,,,,,,无,
1288867,,,,,,无,
1288870,,,,,,无,
1288872,,,,,,无,
1283510,,,,,,无,
1288657,,,,,,无,
1288858,,,,,,无,
1288849,,,,,,无,
1288845,,,,,,无,
1288856,,,,,,无,
1288844,,,,,,无,
1288852,,,,,,无,
1288847,,,,,,无,
1286459,,,,,,无,
1282058,,,,,,无,
1288583,,,,,,无,
1282609,,,,,,无,
1288827,,,,,,无,
1279231,,,,,,无,
1288584,,,,,,无,
1234948,,,,,,无,
1288585,,,,,,无,
1248022,,,,,,无,
880425,半年付（5.4万）,1月房租,-,-,24个月,另签一份,否
1287311,,,,,,无,
1288589,,,,,,无,
1288792,,,,,,无,
1288796,,,,,,无,
1288793,,,,,,无,
1288794,,,,,,无,
1288590,,,,,,无,
1287693,,,,,,无,
1288591,,,,,,无,
1282950,,,,,,无,
1241449,3月一付,1月房租,-,-,12个月,无,否
1281978,,,,,,无,
1288789,,,,,,无,
1288788,,,,,,无,
1288787,,,,,,无,
1288785,,,,,,无,
1288784,,,,,,无,
1288783,,,,,,无,
1288782,,,,,,无,
1288780,,,,,,无,
1288778,,,,,,无,
1288775,,,,,,无,
1288774,,,,,,无,
1288773,,,,,,无,
1288771,,,,,,无,
1288770,,,,,,无,
1288767,,,,,,无,
1288764,,,,,,无,
1288763,,,,,,无,
1288762,,,,,,无,
1288761,,,,,,无,
1288760,,,,,,无,
1288759,,,,,,无,
1288758,,,,,,无,
1288756,,,,,,无,
1288755,,,,,,无,
1288754,,,,,,无,
1288751,,,,,,无,
1288747,,,,,,无,
1288746,,,,,,无,
1288592,,,,,,无,
1287289,,,,,,无,
1273080,3月一付,1月房租,-,60个月,60个月,无,否
1288744,,,,,,无,
1288743,,,,,,无,
1288742,,,,,,无,
1288741,,,,,,无,
1288740,,,,,,无,
1288739,,,,,,无,
1288738,,,,,,无,
1288737,,,,,,无,
1288736,,,,,,无,
1288735,,,,,,无,
1288734,,,,,,无,
1288732,,,,,,无,
1288731,,,,,,无,
1288730,,,,,,无,
1288729,,,,,,无,
1288728,,,,,,无,
1288727,,,,,,无,
1288726,,,,,,无,
1288725,,,,,,无,
1288724,,,,,,无,
1288723,,,,,,无,
1288722,,,,,,无,
1288721,,,,,,无,
1253486,3月一付,1月房租,-,-,36个月,无,否
1288720,,,,,,无,
1288719,,,,,,无,
1288718,,,,,,无,
1288717,,,,,,无,
1288716,,,,,,无,
1288715,,,,,,无,
1288712,,,,,,无,
1288711,,,,,,无,
1288709,,,,,,无,
1288708,,,,,,无,
1288707,,,,,,无,
1288706,,,,,,无,
1288705,,,,,,无,
1288700,,,,,,无,
1288698,,,,,,无,
1288697,,,,,,无,
1288703,,,,,,无,
1288701,,,,,,无,
1288695,,,,,,无,
1288694,,,,,,无,
1288693,,,,,,无,
1288692,,,,,,无,
1288691,,,,,,无,
1288690,,,,,,无,
1288689,,,,,,无,
1241936,半年付（12万）,3月房租,-,-,-,无,否
1284312,,,,,,无,
1277106,,,,,,无,
1286373,,,,,,无,
1288687,,,,,,无,
1288651,,,,,,无,
1288663,,,,,,无,
1288668,,,,,,无,
1288669,,,,,,无,
1288652,,,,,,无,
1288676,,,,,,无,
1288684,,,,,,无,
1288683,,,,,,无,
1288680,,,,,,无,
1288677,,,,,,无,
1288675,,,,,,无,
1288666,,,,,,无,
1288665,,,,,,无,
1288644,,,,,,无,
1288649,,,,,,无,
1288645,,,,,,无,
1288655,,,,,,无,
1288637,,,,,,无,
1288641,,,,,,无,
1288639,,,,,,无,
1288640,,,,,,无,
1226015,3月一付,1月房租,-,-,36个月,无,否
1288628,,,,,,无,
1288626,,,,,,无,
1288624,,,,,,无,
1288611,,,,,,无,
1288612,,,,,,无,
1288621,,,,,,无,
1288602,,,,,,无,
1288609,,,,,,无,
1288610,,,,,,无,
1288605,,,,,,无,
1288608,,,,,,无,
1288623,,,,,,无,
1288620,,,,,,无,
1285499,,,,,,无,
1284684,,,,,,无,
1286420,,,,,,无,
1283150,,,,,,无,
1286317,,,,,,无,
1284793,,,,,,无,
1284942,,,,,,无,
1283268,,,,,,无,
1282998,,,,,,无,
1279171,,,,,,无,
1276646,,,,,,无,
1276722,,,,,,无,
1142209,3月一付,1月房租,-,-,-,无,否
1217000,年付（15万）,3月房租,-,-,24个月,无,否
1286804,,,,,,无,
1270462,,,,,,无,
1288285,,,,,,无,
1288333,,,,,,无,
1288334,,,,,,无,
1288343,,,,,,无,
1111957,,,,,,无,
1224435,1月一付,3月房租,-,18个月,24个月,无,否
1284790,,,,,,无,
1228423,3月一付,1月房租,-,-,36个月,无,否
1286752,,,,,,无,
1274414,,,,,,无,
1288077,,,,,,无,
1288185,,,,,,无,
1288194,,,,,,无,
1288260,,,,,,无,
942533,2月一付,3月房租,-,-,36个月,另签一份,否
1272273,,,,,,无,
1285174,,,,,,无,
1252869,半年付（39万）,2月房租,-,-,36个月,无,否
1287840,,,,,,无,
1287839,,,,,,无,
1260759,,,,,,无,
1274350,,,,,,无,
1278226,,,,,,无,
1287836,,,,,,无,
1278172,,,,,,无,
1280784,,,,,,无,
1281862,,,,,,无,
1283507,,,,,,无,
1283244,,,,,,无,
1287783,,,,,,无,
1287785,,,,,,无,
1284385,,,,,,无,
1287781,,,,,,无,
1287782,,,,,,无,
1288076,,,,,,无,
1281072,,,,,,无,
1287196,,,,,,无,
1247477,半年付（7.2万）,2月房租,-,-,36个月,无,否
1288070,,,,,,无,
1284884,,,,,,无,
1288071,,,,,,无,
1288074,,,,,,无,
1284127,,,,,,无,
1288010,,,,,,无,
1251337,3月一付,2月房租,-,-,24个月,无,否
1235605,3月一付,2月房租,-,-,120个月,无,否
1282372,,,,,,无,
1282797,,,,,,无,
1284690,,,,,,无,
1283746,,,,,,无,
1286904,,,,,,无,
1286422,,,,,,无,
1277479,,,,,,无,
1283046,,,,,,无,
1284090,,,,,,无,
1285173,,,,,,无,
1178868,3月一付,1月房租,-,-,36个月,无,否
1260909,,,,,,无,
1284219,,,,,,无,
1249295,,,,,,无,
1269370,,,,,,无,
1283658,,,,,,无,
1287225,,,,,,无,
1285592,,,,,,无,
1284165,,,,,,无,
1282013,,,,,,无,
1214600,3月一付,1月房租,-,-,36个月,无,否
1287684,,,,,,无,
1285715,,,,,,无,
1206460,半年付（11.4万）,1月房租,-,-,-,无,否
1141817,2月一付,2月房租,-,-,36个月,无,否
1281022,,,,,,无,
1281677,,,,,,无,
1282043,,,,,,无,
1282258,,,,,,无,
1282262,,,,,,无,
1283007,,,,,,无,
1281195,,,,,,无,
1283650,,,,,,无,
1269215,,,,,,无,
1282604,,,,,,无,
1274604,,,,,,无,
1277344,,,,,,无,
1279553,,,,,,无,
1280727,,,,,,无,
1278570,,,,,,无,
1197076,半年付（15万）,1月房租,-,10个月,36个月,继续使用原租约,否
1281566,,,,,,无,
1254965,半年付（4万）,1月房租,-,-,24个月,无,否
1279587,,,,,,无,
1282330,,,,,,无,
1287793,,,,,,无,
1285491,,,,,,无,
1286520,,,,,,无,
1007546,,,,,,无,
826142,3月一付,2月房租,-,-,36个月,另签一份,否
1282869,,,,,,无,
1278524,,,,,,无,
1237565,,,,,,无,
1287706,,,,,,无,
1287777,,,,,,无,
1287779,,,,,,无,
1287780,,,,,,无,
1287776,,,,,,无,
1287778,,,,,,无,
1273858,,,,,,无,
1282874,,,,,,无,
1279543,,,,,,无,
1287701,,,,,,无,
1287772,,,,,,无,
1287773,,,,,,无,
1287774,,,,,,无,
1287766,,,,,,无,
1287767,,,,,,无,
1287769,,,,,,无,
1287768,,,,,,无,
1287771,,,,,,无,
1287765,,,,,,无,
1286846,,,,,,无,
1287762,,,,,,无,
1287760,,,,,,无,
1287758,,,,,,无,
1287759,,,,,,无,
1287761,,,,,,无,
1287763,,,,,,无,
1277838,,,,,,无,
1287746,,,,,,无,
1287747,,,,,,无,
1287743,,,,,,无,
1287748,,,,,,无,
1287745,,,,,,无,
1287744,,,,,,无,
1287750,,,,,,无,
1287754,,,,,,无,
1287751,,,,,,无,
1287753,,,,,,无,
1287752,,,,,,无,
1287755,,,,,,无,
1287757,,,,,,无,
1287756,,,,,,无,
1286139,,,,,,无,
1277821,,,,,,无,
1287731,,,,,,无,
1287734,,,,,,无,
1287733,,,,,,无,
1287738,,,,,,无,
1287729,,,,,,无,
1287735,,,,,,无,
1287732,,,,,,无,
1287730,,,,,,无,
1287736,,,,,,无,
1238900,1月一付,2月房租,-,36个月,36个月,无,否
1287726,,,,,,无,
1287725,,,,,,无,
1287728,,,,,,无,
1279267,,,,,,无,
1287720,,,,,,无,
1287719,,,,,,无,
1287722,,,,,,无,
1287721,,,,,,无,
1287713,,,,,,无,
1287715,,,,,,无,
1287714,,,,,,无,
1287716,,,,,,无,
1287708,,,,,,无,
1287709,,,,,,无,
1287707,,,,,,无,
1287705,,,,,,无,
1287710,,,,,,无,
1287699,,,,,,无,
1287704,,,,,,无,
1287700,,,,,,无,
1287702,,,,,,无,
1287703,,,,,,无,
1286345,,,,,,无,
1278585,,,,,,无,
1287679,,,,,,无,
1287678,,,,,,无,
1277609,,,,,,无,
1286760,,,,,,无,
1286973,,,,,,无,
1283635,,,,,,无,
1277541,,,,,,无,
1283636,,,,,,无,
1283637,,,,,,无,
1283638,,,,,,无,
1283640,,,,,,无,
1283634,,,,,,无,
1267616,,,,,,无,
1277448,,,,,,无,
1285110,,,,,,无,
1281203,,,,,,无,
1267096,,,,,,无,
1286407,,,,,,无,
1287643,,,,,,无,
1281248,,,,,,无,
1278164,,,,,,无,
1283693,,,,,,无,
1287637,,,,,,无,
1287636,,,,,,无,
1287630,,,,,,无,
1287631,,,,,,无,
1287628,,,,,,无,
1287632,,,,,,无,
1287626,,,,,,无,
1287629,,,,,,无,
1287633,,,,,,无,
1286399,,,,,,无,
1287621,,,,,,无,
1287620,,,,,,无,
1287618,,,,,,无,
1287616,,,,,,无,
1287615,,,,,,无,
1287613,,,,,,无,
1287612,,,,,,无,
1287611,,,,,,无,
1287610,,,,,,无,
1287609,,,,,,无,
1287608,,,,,,无,
1287600,,,,,,无,
1287599,,,,,,无,
1287601,,,,,,无,
1287604,,,,,,无,
1287607,,,,,,无,
1287606,,,,,,无,
1287605,,,,,,无,
1287595,,,,,,无,
1287594,,,,,,无,
1287593,,,,,,无,
1287592,,,,,,无,
1287591,,,,,,无,
1287590,,,,,,无,
1287589,,,,,,无,
1287588,,,,,,无,
1287587,,,,,,无,
1287585,,,,,,无,
1287584,,,,,,无,
1287570,,,,,,无,
1287583,,,,,,无,
1287582,,,,,,无,
1287580,,,,,,无,
1287579,,,,,,无,
1287578,,,,,,无,
1287577,,,,,,无,
1287576,,,,,,无,
1287574,,,,,,无,
1287573,,,,,,无,
1287572,,,,,,无,
1287567,,,,,,无,
1287566,,,,,,无,
1287569,,,,,,无,
1287565,,,,,,无,
1287568,,,,,,无,
1287571,,,,,,无,
1287563,,,,,,无,
1287564,,,,,,无,
1287550,,,,,,无,
1287551,,,,,,无,
1287546,,,,,,无,
1287549,,,,,,无,
1287548,,,,,,无,
1287557,,,,,,无,
1285181,,,,,,无,
1285356,,,,,,无,
1281822,,,,,,无,
1287545,,,,,,无,
1287536,,,,,,无,
1287539,,,,,,无,
1287537,,,,,,无,
1287540,,,,,,无,
1287544,,,,,,无,
1287543,,,,,,无,
1283655,,,,,,无,
1011507,3月一付,2月房租,-,-,36个月,无,否
1241693,,,,,,无,
1282016,,,,,,无,
1277423,,,,,,无,
1277434,,,,,,无,
1277405,,,,,,无,
1277371,,,,,,无,
1277393,,,,,,无,
1286527,,,,,,无,
1265687,,,,,,无,
1202474,半年付（36万）,1月房租,-,-,24个月,无,否
1281250,,,,,,无,
1244161,,,,,,无,
1285679,,,,,,无,
1282072,,,,,,无,
1279307,,,,,,无,
1283392,,,,,,无,
1284693,,,,,,无,
1283639,,,,,,无,
1281897,,,,,,无,
1284754,,,,,,无,
1287224,,,,,,无,
1287298,,,,,,无,
1233481,3月一付,2月房租,-,-,12个月,无,否
1284849,,,,,,无,
1287083,,,,,,无,
1285131,,,,,,无,
1281041,,,,,,无,
1278298,,,,,,无,
1274908,,,,,,无,
1283796,,,,,,无,
816878,,,,,,无,
1287394,,,,,,无,
1287393,,,,,,无,
1285399,,,,,,无,
1282022,,,,,,无,
1285100,,,,,,无,
1287384,,,,,,无,
1287385,,,,,,无,
1287383,,,,,,无,
1287382,,,,,,无,
1287380,,,,,,无,
1270242,,,,,,无,
1287372,,,,,,无,
1287377,,,,,,无,
1287376,,,,,,无,
1287379,,,,,,无,
1287371,,,,,,无,
1287373,,,,,,无,
1287378,,,,,,无,
1287374,,,,,,无,
1274662,,,,,,无,
1287363,,,,,,无,
1287365,,,,,,无,
1287367,,,,,,无,
1287364,,,,,,无,
1284717,,,,,,无,
1284992,,,,,,无,
1287352,,,,,,无,
1287355,,,,,,无,
1287359,,,,,,无,
1287354,,,,,,无,
1287360,,,,,,无,
1287353,,,,,,无,
1287358,,,,,,无,
1287357,,,,,,无,
1287307,,,,,,无,
1277600,,,,,,无,
1287347,,,,,,无,
1287346,,,,,,无,
1287348,,,,,,无,
1281430,,,,,,无,
1277544,,,,,,无,
1287342,,,,,,无,
1287339,,,,,,无,
1287337,,,,,,无,
1287343,,,,,,无,
1287341,,,,,,无,
1287340,,,,,,无,
1277304,,,,,,无,
1285146,,,,,,无,
1287333,,,,,,无,
1287332,,,,,,无,
1287323,,,,,,无,
1287327,,,,,,无,
1287324,,,,,,无,
1287326,,,,,,无,
1287328,,,,,,无,
1287325,,,,,,无,
1284147,,,,,,无,
1274673,,,,,,无,
1286408,,,,,,无,
1287316,,,,,,无,
1287317,,,,,,无,
1287312,,,,,,无,
1287318,,,,,,无,
1287313,,,,,,无,
1287314,,,,,,无,
1287320,,,,,,无,
1287315,,,,,,无,
1282614,,,,,,无,
1287303,,,,,,无,
1287304,,,,,,无,
1287310,,,,,,无,
1287308,,,,,,无,
1287309,,,,,,无,
1287306,,,,,,无,
1287305,,,,,,无,
1286844,,,,,,无,
1287301,,,,,,无,
1277196,,,,,,无,
1286713,,,,,,无,
1281578,,,,,,无,
1287232,,,,,,无,
1287297,,,,,,无,
1287299,,,,,,无,
1287300,,,,,,无,
1224508,1月一付,3月房租,-,36个月,60个月,无,否
1287294,,,,,,无,
1287273,,,,,,无,
1287291,,,,,,无,
1287287,,,,,,无,
1287281,,,,,,无,
1287279,,,,,,无,
1282380,,,,,,无,
1284201,,,,,,无,
1285992,,,,,,无,
1277184,,,,,,无,
1284158,,,,,,无,
1284565,,,,,,无,
1286011,,,,,,无,
1176286,2月一付,2月房租,-,-,12个月,无,否
1281701,,,,,,无,
1282912,,,,,,无,
1282342,,,,,,无,
1287048,,,,,,无,
1274245,,,,,,无,
1282996,,,,,,无,
1282898,,,,,,无,
1245548,半年付（3.48万）,1月房租,-,-,12个月,无,否
1265408,,,,,,无,
1277123,,,,,,无,
1286316,,,,,,无,
1282899,,,,,,无,
1277131,,,,,,无,
1287243,,,,,,无,
1257515,,,,,,无,
1277119,,,,,,无,
1281426,,,,,,无,
1287223,,,,,,无,
1287226,,,,,,无,
1285104,,,,,,无,
1287231,,,,,,无,
1273804,,,,,,无,
1284130,,,,,,无,
1287233,,,,,,无,
1285460,,,,,,无,
1286805,,,,,,无,
1274674,,,,,,无,
1283090,,,,,,无,
1283520,,,,,,无,
1260880,3月一付,2月房租,-,-,60个月,无,否
1283039,,,,,,无,
1283044,,,,,,无,
1287212,,,,,,无,
1287208,,,,,,无,
1287203,,,,,,无,
1287210,,,,,,无,
1287206,,,,,,无,
1287209,,,,,,无,
1287201,,,,,,无,
1287205,,,,,,无,
1287211,,,,,,无,
1287202,,,,,,无,
1283633,,,,,,无,
1285275,,,,,,无,
1285723,,,,,,无,
1283659,,,,,,无,
1287198,,,,,,无,
1287197,,,,,,无,
1287195,,,,,,无,
1287194,,,,,,无,
1287193,,,,,,无,
1287190,,,,,,无,
1287189,,,,,,无,
1287177,,,,,,无,
1287179,,,,,,无,
1287178,,,,,,无,
1287175,,,,,,无,
1287186,,,,,,无,
1287180,,,,,,无,
1287185,,,,,,无,
1287170,,,,,,无,
1287169,,,,,,无,
1286660,,,,,,无,
1287163,,,,,,无,
1287161,,,,,,无,
1287160,,,,,,无,
1287158,,,,,,无,
1287157,,,,,,无,
1287154,,,,,,无,
1287153,,,,,,无,
1287145,,,,,,无,
1287144,,,,,,无,
1287138,,,,,,无,
1287146,,,,,,无,
1287141,,,,,,无,
1287143,,,,,,无,
1287139,,,,,,无,
1287151,,,,,,无,
1287149,,,,,,无,
1287148,,,,,,无,
1287152,,,,,,无,
1287129,,,,,,无,
1287110,,,,,,无,
1287127,,,,,,无,
1287114,,,,,,无,
1287131,,,,,,无,
1287106,,,,,,无,
1287112,,,,,,无,
1287116,,,,,,无,
1287104,,,,,,无,
1287102,,,,,,无,
804734,3月一付,1月房租,-,-,24个月,无,否
1257546,3月一付,1月房租,-,-,60个月,无,否
1286861,,,,,,无,
1287039,,,,,,无,
1287055,,,,,,无,
961531,半年付（10.2万）,1月房租,-,-,36个月,无,否
1286322,,,,,,无,
1286431,,,,,,无,
1263878,,,,,,无,
1248031,3月一付,1月房租,-,-,12个月,无,否
1284636,,,,,,无,
1214604,3月一付,2月房租,-,-,60个月,无,否
1284182,,,,,,无,
1260000,,,,,,无,
1281284,,,,,,无,
1284190,,,,,,无,
1274599,,,,,,无,
1273079,,,,,,无,
1286893,,,,,,无,
1285734,,,,,,无,
1226601,3月一付,1月房租,-,-,-,无,否
1238448,年付（12万）,1月房租,-,2个月,12个月,无,否
971951,半年付（195.84万）,1月房租,-,-,120个月,无,否
1285459,,,,,,无,
1277264,,,,,,无,
1252211,,,,,,无,
1237526,年付（6万）,1月房租,-,-,12个月,无,否
1279589,,,,,,无,
1287032,,,,,,无,
1286145,,,,,,无,
1283830,,,,,,无,
1274888,,,,,,无,
1244547,3月一付,1月房租,-,40个月,60个月,无,否
1281547,,,,,,无,
1274622,,,,,,无,
1285911,,,,,,无,
1257109,3月一付,3000元,-,-,12个月,无,否
1287011,,,,,,无,
1274854,,,,,,无,
1286371,,,,,,无,
1275212,,,,,,无,
1259517,3月一付,,-,2个月,24个月,无,否
1278768,,,,,,无,
1274750,,,,,,无,
1280781,,,,,,无,
1282430,,,,,,无,
956290,半年付（3.6万）,1月房租,-,-,12个月,无,否
1280854,,,,,,无,
1286979,,,,,,无,
1286978,,,,,,无,
1286975,,,,,,无,
1286974,,,,,,无,
1286976,,,,,,无,
1269102,,,,,,无,
1270312,,,,,,无,
1271469,,,,,,无,
1286969,,,,,,无,
1274233,,,,,,无,
1286961,,,,,,无,
1286963,,,,,,无,
1286962,,,,,,无,
1285787,,,,,,无,
1286843,,,,,,无,
1281374,,,,,,无,
1246474,半年付（15.3万）,2月房租,-,-,12个月,无,否
1286634,,,,,,无,
1286879,,,,,,无,
1286950,,,,,,无,
1286945,,,,,,无,
1286947,,,,,,无,
1286946,,,,,,无,
1286949,,,,,,无,
1286948,,,,,,无,
1197638,,,,,,无,
1271098,,,,,,无,
1286943,,,,,,无,
1286941,,,,,,无,
1286940,,,,,,无,
1286923,,,,,,无,
1286925,,,,,,无,
1286934,,,,,,无,
1286938,,,,,,无,
1286939,,,,,,无,
1286936,,,,,,无,
1286935,,,,,,无,
1286933,,,,,,无,
1286932,,,,,,无,
1286931,,,,,,无,
1286930,,,,,,无,
1286924,,,,,,无,
1286927,,,,,,无,
1286926,,,,,,无,
1286929,,,,,,无,
1286942,,,,,,无,
1266235,,,,,,无,
1286919,,,,,,无,
1286908,,,,,,无,
1286913,,,,,,无,
1286909,,,,,,无,
1286920,,,,,,无,
1286918,,,,,,无,
1286917,,,,,,无,
1286916,,,,,,无,
1286915,,,,,,无,
1286914,,,,,,无,
1286911,,,,,,无,
1286910,,,,,,无,
1281213,,,,,,无,
1286903,,,,,,无,
1286905,,,,,,无,
1286902,,,,,,无,
1286432,,,,,,无,
1286897,,,,,,无,
1286896,,,,,,无,
1286894,,,,,,无,
1286898,,,,,,无,
1286895,,,,,,无,
1286880,,,,,,无,
1286891,,,,,,无,
1286889,,,,,,无,
1286888,,,,,,无,
1286887,,,,,,无,
1286886,,,,,,无,
1286885,,,,,,无,
1286884,,,,,,无,
1286883,,,,,,无,
1286882,,,,,,无,
1282909,,,,,,无,
1286871,,,,,,无,
1286873,,,,,,无,
1286872,,,,,,无,
1286875,,,,,,无,
1286874,,,,,,无,
1286876,,,,,,无,
1286864,,,,,,无,
1286865,,,,,,无,
1286863,,,,,,无,
1286868,,,,,,无,
1286866,,,,,,无,
1286869,,,,,,无,
1286862,,,,,,无,
1286867,,,,,,无,
1286859,,,,,,无,
1286858,,,,,,无,
1286857,,,,,,无,
1286855,,,,,,无,
1286856,,,,,,无,
1286850,,,,,,无,
1286853,,,,,,无,
1286851,,,,,,无,
1284369,,,,,,无,
1286848,,,,,,无,
1118011,3月一付,1月房租,-,-,36个月,另签一份,否
1284600,,,,,,无,
1259249,,,,,,无,
1286842,,,,,,无,
1286841,,,,,,无,
1201850,,,,,,无,
1286840,,,,,,无,
1284282,,,,,,无,
1283450,,,,,,无,
1285095,,,,,,无,
1283422,,,,,,无,
1285031,,,,,,无,
1285071,,,,,,无,
1286393,,,,,,无,
1286807,,,,,,无,
1281431,,,,,,无,
1279078,,,,,,无,
1279215,,,,,,无,
1286823,,,,,,无,
1286824,,,,,,无,
1285879,,,,,,无,
1278586,,,,,,无,
1285346,,,,,,无,
1216243,,,,,,无,
1286387,,,,,,无,
1284242,,,,,,无,
1283887,,,,,,无,
1283657,,,,,,无,
1269743,,,,,,无,
1236325,年付（19.2万）,1月房租,-,-,-,无,否
1283782,,,,,,无,
1117816,3月一付,1月房租,-,-,12个月,无,否
1247510,年付（4.8万）,1月房租,-,11个月,36个月,无,否
1284623,,,,,,无,
1217861,,,,,,无,
1279445,,,,,,无,
1146927,2月一付,2月房租,-,-,60个月,无,否
1286122,,,,,,无,
1283865,,,,,,无,
1286796,,,,,,无,
1286795,,,,,,无,
1286794,,,,,,无,
1286788,,,,,,无,
1286790,,,,,,无,
1286787,,,,,,无,
1286793,,,,,,无,
1286791,,,,,,无,
1286786,,,,,,无,
1286789,,,,,,无,
1284887,,,,,,无,
871644,3月一付,2月房租,-,-,36个月,另签一份,否
1286771,,,,,,无,
1286770,,,,,,无,
1286768,,,,,,无,
1286767,,,,,,无,
1286762,,,,,,无,
1286758,,,,,,无,
1286763,,,,,,无,
1286761,,,,,,无,
1286759,,,,,,无,
1286757,,,,,,无,
1286753,,,,,,无,
1286751,,,,,,无,
1286749,,,,,,无,
1286747,,,,,,无,
1286744,,,,,,无,
1286733,,,,,,无,
1286738,,,,,,无,
1286743,,,,,,无,
1286736,,,,,,无,
1286737,,,,,,无,
1286741,,,,,,无,
1286730,,,,,,无,
1286725,,,,,,无,
1286722,,,,,,无,
1286721,,,,,,无,
1286723,,,,,,无,
1286729,,,,,,无,
1286728,,,,,,无,
1286714,,,,,,无,
1286707,,,,,,无,
1286704,,,,,,无,
917457,3月一付,1月房租,-,-,36个月,无,否
1286696,,,,,,无,
1286695,,,,,,无,
1286700,,,,,,无,
1286698,,,,,,无,
1281800,,,,,,无,
1281780,,,,,,无,
1281778,,,,,,无,
1286295,,,,,,无,
1284338,,,,,,无,
1282920,,,,,,无,
1282923,,,,,,无,
1285432,,,,,,无,
825050,,,,,,无,
1283066,,,,,,无,
1248333,3月一付,1月房租,-,-,36个月,无,否
1250179,,,,,,无,
1281782,,,,,,无,
1248183,3月一付,2月房租,-,-,96个月,无,否
1250721,,,,,,无,
1252706,,,,,,无,
1252758,3月一付,1月房租,-,-,36个月,无,否
1268218,,,,,,无,
1254676,3月一付,2月房租,-,-,72个月,无,否
1256097,,,,,,无,
1262781,,,,,,无,
1262952,,,,,,无,
1286639,,,,,,无,
1262949,,,,,,无,
1264451,,,,,,无,
1277574,,,,,,无,
1282542,,,,,,无,
1264096,,,,,,无,
1286555,,,,,,无,
1170973,半年付（13.8万）,1月房租,-,-,-,无,否
1268510,,,,,,无,
1268917,,,,,,无,
1279232,,,,,,无,
1279574,,,,,,无,
1282357,,,,,,无,
1284109,,,,,,无,
1281537,,,,,,无,
1286314,,,,,,无,
1286411,,,,,,无,
1278936,,,,,,无,
1283445,,,,,,无,
1286102,,,,,,无,
1279600,,,,,,无,
1284618,,,,,,无,
1285878,,,,,,无,
1285959,,,,,,无,
1281384,,,,,,无,
1282432,,,,,,无,
1283212,,,,,,无,
1283629,,,,,,无,
1279566,,,,,,无,
1281565,,,,,,无,
1282054,,,,,,无,
1283812,,,,,,无,
1284164,,,,,,无,
1284173,,,,,,无,
1284854,,,,,,无,
1286528,,,,,,无,
1278414,,,,,,无,
1279109,,,,,,无,
1280865,,,,,,无,
1280870,,,,,,无,
1278995,,,,,,无,
1279068,,,,,,无,
1280772,,,,,,无,
1217963,,,,,,无,
1278774,,,,,,无,
1238885,3月一付,2月房租,-,-,60个月,无,否
1274742,,,,,,无,
1263282,,,,,,无,
1203208,,,,,,无,
1282725,,,,,,无,
1146752,,,,,,无,
1221350,,,,,,无,
1259455,,,,,,无,
1282534,,,,,,无,
1263309,,,,,,无,
1282839,,,,,,无,
1279294,,,,,,无,
1284569,,,,,,无,
1283458,,,,,,无,
1286546,,,,,,无,
1284974,,,,,,无,
1283775,,,,,,无,
1282280,,,,,,无,
1259516,,,,,,无,
1286541,,,,,,无,
1286540,,,,,,无,
1286533,,,,,,无,
1286538,,,,,,无,
1286544,,,,,,无,
1286542,,,,,,无,
1286545,,,,,,无,
1286534,,,,,,无,
1286536,,,,,,无,
1286539,,,,,,无,
1286543,,,,,,无,
1286535,,,,,,无,
1285536,,,,,,无,
1286521,,,,,,无,
1256037,,,,,,无,
1256119,半年付（4.5万）,1月房租,-,-,60个月,无,否
1286518,,,,,,无,
1286519,,,,,,无,
1286516,,,,,,无,
1286517,,,,,,无,
1241329,,,,,,无,
1281617,,,,,,无,
1286505,,,,,,无,
1286512,,,,,,无,
1286507,,,,,,无,
1286504,,,,,,无,
1286515,,,,,,无,
1286513,,,,,,无,
1259486,,,,,,无,
1233024,3月一付,1月房租,-,-,36个月,无,否
1286492,,,,,,无,
1286496,,,,,,无,
1286499,,,,,,无,
1286497,,,,,,无,
1286493,,,,,,无,
1286490,,,,,,无,
1286494,,,,,,无,
1286491,,,,,,无,
1264300,年付（8.4万）,1月房租,-,-,60个月,无,否
1285089,,,,,,无,
1286485,,,,,,无,
1286479,,,,,,无,
1286471,,,,,,无,
1286465,,,,,,无,
1286462,,,,,,无,
1286464,,,,,,无,
1286467,,,,,,无,
1286466,,,,,,无,
1286463,,,,,,无,
1286468,,,,,,无,
1286470,,,,,,无,
1286469,,,,,,无,
1286458,,,,,,无,
1286453,,,,,,无,
1286448,,,,,,无,
1286454,,,,,,无,
1286457,,,,,,无,
1286452,,,,,,无,
1286449,,,,,,无,
1286446,,,,,,无,
1286447,,,,,,无,
1286451,,,,,,无,
1286450,,,,,,无,
1286456,,,,,,无,
1286455,,,,,,无,
1276752,,,,,,无,
1286442,,,,,,无,
1286441,,,,,,无,
1286440,,,,,,无,
1286438,,,,,,无,
1286435,,,,,,无,
1286433,,,,,,无,
1286429,,,,,,无,
1286427,,,,,,无,
1286423,,,,,,无,
1286430,,,,,,无,
1286425,,,,,,无,
1286419,,,,,,无,
1286421,,,,,,无,
1286426,,,,,,无,
1286437,,,,,,无,
1286439,,,,,,无,
1286436,,,,,,无,
1283419,,,,,,无,
1286409,,,,,,无,
1286413,,,,,,无,
1286415,,,,,,无,
1286412,,,,,,无,
1286414,,,,,,无,
1286416,,,,,,无,
1286410,,,,,,无,
1286116,,,,,,无,
1286389,,,,,,无,
1286403,,,,,,无,
1286398,,,,,,无,
1286404,,,,,,无,
1286385,,,,,,无,
1286394,,,,,,无,
1286400,,,,,,无,
1286395,,,,,,无,
1286392,,,,,,无,
1286406,,,,,,无,
1282071,,,,,,无,
1285189,,,,,,无,
1227373,3月一付,2月房租,-,-,60个月,无,否
1138651,,,,,,无,
1286376,,,,,,无,
1286379,,,,,,无,
1286377,,,,,,无,
1286378,,,,,,无,
1286384,,,,,,无,
1286374,,,,,,无,
1286380,,,,,,无,
1286375,,,,,,无,
1286381,,,,,,无,
1286372,,,,,,无,
1286370,,,,,,无,
1286369,,,,,,无,
1286368,,,,,,无,
1280825,,,,,,无,
1286363,,,,,,无,
1286362,,,,,,无,
1286365,,,,,,无,
1286364,,,,,,无,
1286367,,,,,,无,
1286366,,,,,,无,
1114490,,,,,,无,
1286361,,,,,,无,
1286359,,,,,,无,
1286357,,,,,,无,
1286358,,,,,,无,
1286354,,,,,,无,
1286360,,,,,,无,
1285090,,,,,,无,
1285689,,,,,,无,
1275222,,,,,,无,
1282886,,,,,,无,
1278197,,,,,,无,
1268909,,,,,,无,
1274841,,,,,,无,
1286348,,,,,,无,
1286346,,,,,,无,
1286347,,,,,,无,
1283631,,,,,,无,
1286335,,,,,,无,
1286334,,,,,,无,
1286344,,,,,,无,
1286340,,,,,,无,
1286333,,,,,,无,
1286338,,,,,,无,
1286337,,,,,,无,
1286339,,,,,,无,
1286336,,,,,,无,
1284687,,,,,,无,
1268797,,,,,,无,
1286327,,,,,,无,
1286325,,,,,,无,
1286330,,,,,,无,
1286331,,,,,,无,
1286329,,,,,,无,
1286326,,,,,,无,
1286328,,,,,,无,
1192591,年付（9万）,2月房租,-,72个月,36个月,无,否
1284373,,,,,,无,
1252958,,,,,,无,
1270262,,,,,,无,
1256126,,,,,,无,
1282566,,,,,,无,
1286323,,,,,,无,
1286318,,,,,,无,
1286311,,,,,,无,
1286320,,,,,,无,
1286315,,,,,,无,
1286312,,,,,,无,
1286313,,,,,,无,
1285034,,,,,,无,
1285427,,,,,,无,
1241439,半年付（3.78万）,2月房租,-,-,24个月,无,否
1286309,,,,,,无,
1285430,,,,,,无,
1286303,,,,,,无,
1286299,,,,,,无,
1286296,,,,,,无,
1286307,,,,,,无,
1286302,,,,,,无,
1286300,,,,,,无,
1286297,,,,,,无,
1284572,,,,,,无,
1284661,,,,,,无,
1286294,,,,,,无,
1286291,,,,,,无,
1282670,,,,,,无,
1286193,,,,,,无,
1282447,,,,,,无,
1285166,,,,,,无,
1286286,,,,,,无,
1286288,,,,,,无,
1286279,,,,,,无,
1286278,,,,,,无,
1286280,,,,,,无,
1286275,,,,,,无,
1286274,,,,,,无,
1286271,,,,,,无,
1283622,,,,,,无,
1286262,,,,,,无,
1286252,,,,,,无,
1286242,,,,,,无,
1286241,,,,,,无,
1286239,,,,,,无,
1286247,,,,,,无,
862811,半年付（1.5万）,1月房租,-,-,36个月,无,否
1285575,,,,,,无,
1286223,,,,,,无,
1284769,,,,,,无,
1252631,3月一付,3月房租,-,-,36个月,无,否
1283624,,,,,,无,
1283620,,,,,,无,
1283621,,,,,,无,
1283623,,,,,,无,
1283626,,,,,,无,
947722,3月一付,1月房租,-,-,12个月,无,否
1283627,,,,,,无,
1283632,,,,,,无,
1283644,,,,,,无,
1283645,,,,,,无,
1283647,,,,,,无,
1283648,,,,,,无,
1285205,,,,,,无,
1283660,,,,,,无,
1283661,,,,,,无,
1283665,,,,,,无,
1128527,年付（9万）,,-,-,36个月,无,否
1284839,,,,,,无,
1284295,,,,,,无,
1285222,,,,,,无,
1285242,,,,,,无,
1286195,,,,,,无,
1286191,,,,,,无,
1285991,,,,,,无,
1282378,,,,,,无,
1265320,,,,,,无,
1285507,,,,,,无,
1285517,,,,,,无,
1282051,,,,,,无,
1249060,,,,,,无,
1285874,,,,,,无,
1285975,,,,,,无,
1285876,,,,,,无,
1285877,,,,,,无,
1277871,,,,,,无,
1285945,,,,,,无,
1279097,,,,,,无,
1279099,,,,,,无,
1284699,,,,,,无,
1225225,3月一付,3月房租,-,-,36个月,无,否
1280890,,,,,,无,
1280805,,,,,,无,
1280822,,,,,,无,
1284086,,,,,,无,
1284162,,,,,,无,
1271066,,,,,,无,
1267248,,,,,,无,
1286154,,,,,,无,
1281174,,,,,,无,
1284597,,,,,,无,
1285649,,,,,,无,
1284662,,,,,,无,
1285651,,,,,,无,
1284688,,,,,,无,
1286153,,,,,,无,
1286156,,,,,,无,
1286152,,,,,,无,
1286155,,,,,,无,
1281560,,,,,,无,
1285489,,,,,,无,
1228238,3月一付,1月房租,-,-,36个月,无,否
1286150,,,,,,无,
1273909,,,,,,无,
1274931,,,,,,无,
1286144,,,,,,无,
1286143,,,,,,无,
1286146,,,,,,无,
1286147,,,,,,无,
1281377,,,,,,无,
1286134,,,,,,无,
1286142,,,,,,无,
1286140,,,,,,无,
1286137,,,,,,无,
1286136,,,,,,无,
1286141,,,,,,无,
1286133,,,,,,无,
1286138,,,,,,无,
1286135,,,,,,无,
1286132,,,,,,无,
1283824,,,,,,无,
1274825,,,,,,无,
1275277,,,,,,无,
1281428,,,,,,无,
1286123,,,,,,无,
1286128,,,,,,无,
1286120,,,,,,无,
1286130,,,,,,无,
1286124,,,,,,无,
1286126,,,,,,无,
1286127,,,,,,无,
1286129,,,,,,无,
1286121,,,,,,无,
1286125,,,,,,无,
1279483,,,,,,无,
1286113,,,,,,无,
1286117,,,,,,无,
1286114,,,,,,无,
1286118,,,,,,无,
1285179,,,,,,无,
1286111,,,,,,无,
1286110,,,,,,无,
1286109,,,,,,无,
1286108,,,,,,无,
1286104,,,,,,无,
1286100,,,,,,无,
1286106,,,,,,无,
1286105,,,,,,无,
1286103,,,,,,无,
1286101,,,,,,无,
1284832,,,,,,无,
1286094,,,,,,无,
1286091,,,,,,无,
1286093,,,,,,无,
1286092,,,,,,无,
1286096,,,,,,无,
1286095,,,,,,无,
1286086,,,,,,无,
1286089,,,,,,无,
1286084,,,,,,无,
1286083,,,,,,无,
1285692,,,,,,无,
1285175,,,,,,无,
1282746,,,,,,无,
1285178,,,,,,无,
1285702,,,,,,无,
1286076,,,,,,无,
1286074,,,,,,无,
1286073,,,,,,无,
1286016,,,,,,无,
1286015,,,,,,无,
1286014,,,,,,无,
1286013,,,,,,无,
1286010,,,,,,无,
1286009,,,,,,无,
1286008,,,,,,无,
1286007,,,,,,无,
1286006,,,,,,无,
1286005,,,,,,无,
1286004,,,,,,无,
1286003,,,,,,无,
1286002,,,,,,无,
1286000,,,,,,无,
1285999,,,,,,无,
1285998,,,,,,无,
1285997,,,,,,无,
1285996,,,,,,无,
1285995,,,,,,无,
1285994,,,,,,无,
1285993,,,,,,无,
1285990,,,,,,无,
1285989,,,,,,无,
1285988,,,,,,无,
1285987,,,,,,无,
1285986,,,,,,无,
1285985,,,,,,无,
1285984,,,,,,无,
1285930,,,,,,无,
1285928,,,,,,无,
1285929,,,,,,无,
1285931,,,,,,无,
1285983,,,,,,无,
1285982,,,,,,无,
1285981,,,,,,无,
1285980,,,,,,无,
1285979,,,,,,无,
1285978,,,,,,无,
1285977,,,,,,无,
1285976,,,,,,无,
1285974,,,,,,无,
1285973,,,,,,无,
1285972,,,,,,无,
1285971,,,,,,无,
1285970,,,,,,无,
1285954,,,,,,无,
1285934,,,,,,无,
1285936,,,,,,无,
1285937,,,,,,无,
1285942,,,,,,无,
1285952,,,,,,无,
1285939,,,,,,无,
1285949,,,,,,无,
1285932,,,,,,无,
1285947,,,,,,无,
1285944,,,,,,无,
1285951,,,,,,无,
1285950,,,,,,无,
1285933,,,,,,无,
1285938,,,,,,无,
1285958,,,,,,无,
1285943,,,,,,无,
1285953,,,,,,无,
1285957,,,,,,无,
1285955,,,,,,无,
1285946,,,,,,无,
1285935,,,,,,无,
1285941,,,,,,无,
1285948,,,,,,无,
1285969,,,,,,无,
1285968,,,,,,无,
1285967,,,,,,无,
1285966,,,,,,无,
1285965,,,,,,无,
1285964,,,,,,无,
1285963,,,,,,无,
1285962,,,,,,无,
1285961,,,,,,无,
1285960,,,,,,无,
1281241,,,,,,无,
1201994,年付（8.76万）,1月房租,-,-,12个月,无,否
1279690,,,,,,无,
1285545,,,,,,无,
1284620,,,,,,无,
1274338,,,,,,无,
1285099,,,,,,无,
1284713,,,,,,无,
1274933,,,,,,无,
1274930,,,,,,无,
1273459,,,,,,无,
1282805,,,,,,无,
1280850,,,,,,无,
1278820,,,,,,无,
1282859,,,,,,无,
1278776,,,,,,无,
1261984,,,,,,无,
1285721,,,,,,无,
1284087,,,,,,无,
1250685,半年付（4.8万）,3月房租,-,4个月,24个月,无,否
1254960,年付（35万）,1月房租,-,-,60个月,无,否
1281834,,,,,,无,
1282241,,,,,,无,
1282441,,,,,,无,
1020313,,,,,,无,
1283784,,,,,,无,
1284750,,,,,,无,
1280801,,,,,,无,
1202629,3月一付,2月房租,-,-,12个月,无,否
1285579,,,,,,无,
1235572,3月一付,2月房租,-,-,24个月,无,否
1284598,,,,,,无,
1284370,,,,,,无,
1284371,,,,,,无,
1283295,,,,,,无,
1234078,,,,,,无,
1285004,,,,,,无,
1285604,,,,,,无,
1285747,,,,,,无,
1285746,,,,,,无,
1285745,,,,,,无,
1285744,,,,,,无,
1285743,,,,,,无,
1285742,,,,,,无,
1285741,,,,,,无,
1285740,,,,,,无,
1285739,,,,,,无,
1285738,,,,,,无,
1285737,,,,,,无,
1285736,,,,,,无,
1285735,,,,,,无,
1285733,,,,,,无,
1285732,,,,,,无,
1285730,,,,,,无,
1285729,,,,,,无,
1285728,,,,,,无,
1285727,,,,,,无,
1285725,,,,,,无,
1285724,,,,,,无,
1285722,,,,,,无,
1285647,,,,,,无,
1285719,,,,,,无,
1285718,,,,,,无,
1285717,,,,,,无,
1285716,,,,,,无,
1285714,,,,,,无,
1285713,,,,,,无,
1285712,,,,,,无,
1285711,,,,,,无,
1285710,,,,,,无,
1285709,,,,,,无,
1285708,,,,,,无,
1285707,,,,,,无,
1285706,,,,,,无,
1285705,,,,,,无,
1285660,,,,,,无,
1285663,,,,,,无,
1285661,,,,,,无,
1285654,,,,,,无,
1285650,,,,,,无,
1285662,,,,,,无,
1285648,,,,,,无,
1285657,,,,,,无,
1285659,,,,,,无,
1285656,,,,,,无,
1285655,,,,,,无,
1285652,,,,,,无,
1285658,,,,,,无,
1285664,,,,,,无,
1285673,,,,,,无,
1285671,,,,,,无,
1285690,,,,,,无,
1285678,,,,,,无,
1285668,,,,,,无,
1285691,,,,,,无,
1285693,,,,,,无,
1285677,,,,,,无,
1285665,,,,,,无,
1285684,,,,,,无,
1285687,,,,,,无,
1285686,,,,,,无,
1285674,,,,,,无,
1285695,,,,,,无,
1285676,,,,,,无,
1285675,,,,,,无,
1285666,,,,,,无,
1285672,,,,,,无,
1285696,,,,,,无,
1285669,,,,,,无,
1285680,,,,,,无,
1285688,,,,,,无,
1285681,,,,,,无,
1285683,,,,,,无,
1285670,,,,,,无,
1285694,,,,,,无,
1285682,,,,,,无,
1285685,,,,,,无,
1285697,,,,,,无,
1285667,,,,,,无,
1285704,,,,,,无,
1285703,,,,,,无,
1285701,,,,,,无,
1285700,,,,,,无,
1285698,,,,,,无,
1285699,,,,,,无,
1248396,年付（26万）,1月房租,-,-,24个月,无,否
1234085,半年付（1.2万）,1月房租,-,4个月,24个月,无,否
1259926,2月一付,2月房租,-,20个月,24个月,无,否
1244342,3月一付,2月房租,-,-,36个月,无,否
1285032,,,,,,无,
1278831,,,,,,无,
1041721,年付（8.2万）,5000元,-,36个月,36个月,继续使用原租约,否
1283946,,,,,,无,
1285535,,,,,,无,
1285534,,,,,,无,
1285533,,,,,,无,
1285532,,,,,,无,
1285531,,,,,,无,
1285530,,,,,,无,
1285529,,,,,,无,
1285526,,,,,,无,
1285525,,,,,,无,
1285524,,,,,,无,
1285523,,,,,,无,
1285522,,,,,,无,
1285521,,,,,,无,
1285520,,,,,,无,
1285519,,,,,,无,
1285518,,,,,,无,
1285516,,,,,,无,
1285515,,,,,,无,
1285514,,,,,,无,
1285513,,,,,,无,
1285512,,,,,,无,
1285511,,,,,,无,
1285510,,,,,,无,
1285509,,,,,,无,
1285508,,,,,,无,
1285506,,,,,,无,
1285505,,,,,,无,
1285504,,,,,,无,
1285503,,,,,,无,
1285502,,,,,,无,
1285501,,,,,,无,
1285500,,,,,,无,
1285498,,,,,,无,
1285497,,,,,,无,
1285496,,,,,,无,
1285494,,,,,,无,
1285493,,,,,,无,
1285492,,,,,,无,
1285490,,,,,,无,
1285466,,,,,,无,
1285473,,,,,,无,
1285468,,,,,,无,
1285482,,,,,,无,
1285483,,,,,,无,
1285488,,,,,,无,
1285481,,,,,,无,
1285475,,,,,,无,
1285465,,,,,,无,
1285480,,,,,,无,
1285470,,,,,,无,
1285476,,,,,,无,
1285479,,,,,,无,
1285478,,,,,,无,
1285471,,,,,,无,
1285474,,,,,,无,
1285487,,,,,,无,
1285486,,,,,,无,
1285485,,,,,,无,
1285484,,,,,,无,
1285464,,,,,,无,
1285463,,,,,,无,
1285462,,,,,,无,
1285461,,,,,,无,
1285458,,,,,,无,
1285457,,,,,,无,
1285451,,,,,,无,
1285452,,,,,,无,
1285455,,,,,,无,
1285453,,,,,,无,
1285456,,,,,,无,
1285454,,,,,,无,
1235196,3月一付,2月房租,-,24个月,24个月,无,否
1282938,,,,,,无,
924291,3月一付,1月房租,-,-,12个月,另签一份,否
1265844,,,,,,无,
1285244,,,,,,无,
1285241,,,,,,无,
1285240,,,,,,无,
1285239,,,,,,无,
1285238,,,,,,无,
1285236,,,,,,无,
1285235,,,,,,无,
1285234,,,,,,无,
1285233,,,,,,无,
1285232,,,,,,无,
1285231,,,,,,无,
1285230,,,,,,无,
1285229,,,,,,无,
1285228,,,,,,无,
1285227,,,,,,无,
1285226,,,,,,无,
1285225,,,,,,无,
1285224,,,,,,无,
1285223,,,,,,无,
1285221,,,,,,无,
1285220,,,,,,无,
1285219,,,,,,无,
1285218,,,,,,无,
1285217,,,,,,无,
1285216,,,,,,无,
1285215,,,,,,无,
1285214,,,,,,无,
1285213,,,,,,无,
1285212,,,,,,无,
1285211,,,,,,无,
1285210,,,,,,无,
1285209,,,,,,无,
1285208,,,,,,无,
1285207,,,,,,无,
1285206,,,,,,无,
1285204,,,,,,无,
1285203,,,,,,无,
1285202,,,,,,无,
1285201,,,,,,无,
1285200,,,,,,无,
1285199,,,,,,无,
1285198,,,,,,无,
1285197,,,,,,无,
1285196,,,,,,无,
1285195,,,,,,无,
1285194,,,,,,无,
1285193,,,,,,无,
1285192,,,,,,无,
1285191,,,,,,无,
1285190,,,,,,无,
1285188,,,,,,无,
1285187,,,,,,无,
1285186,,,,,,无,
1285185,,,,,,无,
1285184,,,,,,无,
1285183,,,,,,无,
1285182,,,,,,无,
1285180,,,,,,无,
1285177,,,,,,无,
1285176,,,,,,无,
1285172,,,,,,无,
1285171,,,,,,无,
1285170,,,,,,无,
1285169,,,,,,无,
1285168,,,,,,无,
1285165,,,,,,无,
1285164,,,,,,无,
1285163,,,,,,无,
1285162,,,,,,无,
1285160,,,,,,无,
1285159,,,,,,无,
1285158,,,,,,无,
1285157,,,,,,无,
1285155,,,,,,无,
1285154,,,,,,无,
1285153,,,,,,无,
1285152,,,,,,无,
1285151,,,,,,无,
1285150,,,,,,无,
1285149,,,,,,无,
1285147,,,,,,无,
1285145,,,,,,无,
1285144,,,,,,无,
1285143,,,,,,无,
1285134,,,,,,无,
1285118,,,,,,无,
1285124,,,,,,无,
1285132,,,,,,无,
1285135,,,,,,无,
1285120,,,,,,无,
1285139,,,,,,无,
1285128,,,,,,无,
1285123,,,,,,无,
1285136,,,,,,无,
1285127,,,,,,无,
1285122,,,,,,无,
1285130,,,,,,无,
1285115,,,,,,无,
1285140,,,,,,无,
1285121,,,,,,无,
1285119,,,,,,无,
1285141,,,,,,无,
1285116,,,,,,无,
1285137,,,,,,无,
1285117,,,,,,无,
1285138,,,,,,无,
1285114,,,,,,无,
1285126,,,,,,无,
1285129,,,,,,无,
1285113,,,,,,无,
1285112,,,,,,无,
1285111,,,,,,无,
1285109,,,,,,无,
1285108,,,,,,无,
1285107,,,,,,无,
1285106,,,,,,无,
1285105,,,,,,无,
1285103,,,,,,无,
1285102,,,,,,无,
1285101,,,,,,无,
1285098,,,,,,无,
1285097,,,,,,无,
1285096,,,,,,无,
1285081,,,,,,无,
1285078,,,,,,无,
1285091,,,,,,无,
1285088,,,,,,无,
1285083,,,,,,无,
1285077,,,,,,无,
1285076,,,,,,无,
1285079,,,,,,无,
1285080,,,,,,无,
1285084,,,,,,无,
1285092,,,,,,无,
1285085,,,,,,无,
1285082,,,,,,无,
1285093,,,,,,无,
1285094,,,,,,无,
1285086,,,,,,无,
1285087,,,,,,无,
1285075,,,,,,无,
1215689,,,,,,无,
1124753,半年付（28.2万）,2月房租,-,-,60个月,无,否
1283183,,,,,,无,
1284896,,,,,,无,
1284895,,,,,,无,
1284894,,,,,,无,
1284893,,,,,,无,
1284892,,,,,,无,
1284891,,,,,,无,
1284890,,,,,,无,
1284888,,,,,,无,
1284885,,,,,,无,
1284882,,,,,,无,
1284889,,,,,,无,
1284881,,,,,,无,
1284880,,,,,,无,
1284879,,,,,,无,
1284878,,,,,,无,
1284877,,,,,,无,
1284876,,,,,,无,
1284875,,,,,,无,
1284874,,,,,,无,
1284873,,,,,,无,
1284872,,,,,,无,
1284870,,,,,,无,
1284869,,,,,,无,
1284868,,,,,,无,
1284867,,,,,,无,
1284866,,,,,,无,
1284865,,,,,,无,
1284864,,,,,,无,
1284834,,,,,,无,
1284836,,,,,,无,
1284833,,,,,,无,
1284830,,,,,,无,
1284835,,,,,,无,
1284837,,,,,,无,
1284831,,,,,,无,
1284862,,,,,,无,
1284861,,,,,,无,
1284859,,,,,,无,
1284858,,,,,,无,
1284857,,,,,,无,
1284856,,,,,,无,
1284855,,,,,,无,
1284853,,,,,,无,
1284852,,,,,,无,
1284840,,,,,,无,
1284846,,,,,,无,
1284844,,,,,,无,
1284847,,,,,,无,
1284843,,,,,,无,
1284841,,,,,,无,
1284845,,,,,,无,
1284838,,,,,,无,
1284842,,,,,,无,
1284850,,,,,,无,
1284883,,,,,,无,
1284815,,,,,,无,
1284821,,,,,,无,
1284823,,,,,,无,
1284816,,,,,,无,
1284819,,,,,,无,
1284824,,,,,,无,
1284829,,,,,,无,
1284827,,,,,,无,
1284826,,,,,,无,
1284822,,,,,,无,
1284825,,,,,,无,
1284817,,,,,,无,
1284820,,,,,,无,
1246188,,,,,,无,
1235805,半年付（18.9万）,1月房租,-,10个月,12个月,无,否
1229077,3月一付,3月房租,-,-,36个月,无,否
1227581,,,,,,无,
1228504,,,,,,无,
1246194,3月一付,2月房租,-,54个月,-,无,否
1277619,,,,,,无,
1280741,,,,,,无,
1281434,,,,,,无,
1284716,,,,,,无,
1284714,,,,,,无,
1284712,,,,,,无,
1284710,,,,,,无,
1284709,,,,,,无,
1284705,,,,,,无,
1284704,,,,,,无,
1284703,,,,,,无,
1284702,,,,,,无,
1284700,,,,,,无,
1284698,,,,,,无,
1284697,,,,,,无,
1284696,,,,,,无,
1284695,,,,,,无,
1284694,,,,,,无,
1284692,,,,,,无,
1284691,,,,,,无,
1284689,,,,,,无,
1284686,,,,,,无,
1284685,,,,,,无,
1284683,,,,,,无,
1284682,,,,,,无,
1284680,,,,,,无,
1284679,,,,,,无,
1284678,,,,,,无,
1284677,,,,,,无,
1284676,,,,,,无,
1284675,,,,,,无,
1284674,,,,,,无,
1284673,,,,,,无,
1284672,,,,,,无,
1284671,,,,,,无,
1284670,,,,,,无,
1284669,,,,,,无,
1284668,,,,,,无,
1284667,,,,,,无,
1284666,,,,,,无,
1284665,,,,,,无,
1284663,,,,,,无,
1284659,,,,,,无,
1284658,,,,,,无,
1284657,,,,,,无,
1284656,,,,,,无,
1284655,,,,,,无,
1284654,,,,,,无,
1284653,,,,,,无,
1284652,,,,,,无,
1284651,,,,,,无,
1284650,,,,,,无,
1284649,,,,,,无,
1284647,,,,,,无,
1284646,,,,,,无,
1284645,,,,,,无,
1284644,,,,,,无,
1284643,,,,,,无,
1284642,,,,,,无,
1284641,,,,,,无,
1284640,,,,,,无,
1284639,,,,,,无,
1284638,,,,,,无,
1284635,,,,,,无,
1284634,,,,,,无,
1284632,,,,,,无,
1284631,,,,,,无,
1284630,,,,,,无,
1284629,,,,,,无,
1284628,,,,,,无,
1284627,,,,,,无,
1284562,,,,,,无,
1284626,,,,,,无,
1284625,,,,,,无,
1284622,,,,,,无,
1284621,,,,,,无,
1284616,,,,,,无,
1284615,,,,,,无,
1284614,,,,,,无,
1284613,,,,,,无,
1284701,,,,,,无,
1284612,,,,,,无,
1284611,,,,,,无,
1284610,,,,,,无,
1284608,,,,,,无,
1284607,,,,,,无,
1284606,,,,,,无,
1284605,,,,,,无,
1284604,,,,,,无,
1284602,,,,,,无,
1284601,,,,,,无,
1284599,,,,,,无,
1284566,,,,,,无,
1284563,,,,,,无,
1284564,,,,,,无,
1284567,,,,,,无,
1284591,,,,,,无,
1284583,,,,,,无,
1284581,,,,,,无,
1284575,,,,,,无,
1284588,,,,,,无,
1284587,,,,,,无,
1284586,,,,,,无,
1284589,,,,,,无,
1284592,,,,,,无,
1284595,,,,,,无,
1284577,,,,,,无,
1284576,,,,,,无,
1284593,,,,,,无,
1284568,,,,,,无,
1284574,,,,,,无,
1284590,,,,,,无,
1284584,,,,,,无,
1284585,,,,,,无,
1284582,,,,,,无,
1284571,,,,,,无,
1284580,,,,,,无,
1284578,,,,,,无,
1284594,,,,,,无,
1284573,,,,,,无,
1284570,,,,,,无,
1283081,,,,,,无,
1242752,3月一付,1月房租,-,-,99个月,无,否
1233761,3月一付,1月房租,-,-,12个月,无,否
903464,半年付（16.8万）,2月房租,-,-,24个月,无,否
1247746,3月一付,1月房租,-,-,36个月,无,否
1282918,,,,,,无,
1111344,半年付（6万）,3月房租,-,-,60个月,另签一份,否
1170328,3月一付,2月房租,-,1个月,36个月,无,否
1206088,年付（14.5万）,1月房租,-,36个月,36个月,无,否
1282413,,,,,,无,
1260680,,,,,,无,
1284225,,,,,,无,
1284224,,,,,,无,
1284223,,,,,,无,
1284222,,,,,,无,
1284221,,,,,,无,
1284220,,,,,,无,
1284217,,,,,,无,
1284216,,,,,,无,
1284215,,,,,,无,
1284214,,,,,,无,
1284213,,,,,,无,
1284212,,,,,,无,
1284211,,,,,,无,
1284210,,,,,,无,
1284209,,,,,,无,
1284208,,,,,,无,
1284207,,,,,,无,
1284206,,,,,,无,
1284205,,,,,,无,
1284204,,,,,,无,
1284203,,,,,,无,
1284200,,,,,,无,
1284199,,,,,,无,
1284198,,,,,,无,
1284197,,,,,,无,
1284196,,,,,,无,
1284195,,,,,,无,
1284194,,,,,,无,
1284193,,,,,,无,
1284192,,,,,,无,
1284191,,,,,,无,
1284189,,,,,,无,
1284188,,,,,,无,
1284187,,,,,,无,
1284186,,,,,,无,
1284185,,,,,,无,
1284184,,,,,,无,
1284183,,,,,,无,
1284181,,,,,,无,
1284180,,,,,,无,
1284179,,,,,,无,
1284178,,,,,,无,
1284177,,,,,,无,
1284176,,,,,,无,
1284175,,,,,,无,
1284174,,,,,,无,
1284172,,,,,,无,
1284171,,,,,,无,
1284170,,,,,,无,
1284169,,,,,,无,
1284168,,,,,,无,
1284167,,,,,,无,
1284166,,,,,,无,
1284163,,,,,,无,
1284161,,,,,,无,
1284159,,,,,,无,
1284157,,,,,,无,
1284156,,,,,,无,
1284154,,,,,,无,
1284153,,,,,,无,
1284152,,,,,,无,
1284151,,,,,,无,
1284150,,,,,,无,
1284146,,,,,,无,
1284145,,,,,,无,
1284144,,,,,,无,
1284143,,,,,,无,
1284142,,,,,,无,
1284141,,,,,,无,
1284140,,,,,,无,
1284138,,,,,,无,
1284137,,,,,,无,
1284136,,,,,,无,
1284135,,,,,,无,
1284117,,,,,,无,
1284116,,,,,,无,
1284115,,,,,,无,
1284112,,,,,,无,
1284111,,,,,,无,
1284113,,,,,,无,
1284118,,,,,,无,
1284110,,,,,,无,
1284134,,,,,,无,
1284133,,,,,,无,
1284132,,,,,,无,
1284131,,,,,,无,
1284129,,,,,,无,
1284128,,,,,,无,
1284126,,,,,,无,
1284123,,,,,,无,
1284121,,,,,,无,
1284120,,,,,,无,
1284122,,,,,,无,
1284107,,,,,,无,
1284106,,,,,,无,
1284105,,,,,,无,
1284104,,,,,,无,
1284103,,,,,,无,
1284101,,,,,,无,
1284100,,,,,,无,
1284099,,,,,,无,
1284098,,,,,,无,
1284097,,,,,,无,
1284096,,,,,,无,
1284095,,,,,,无,
1284094,,,,,,无,
1284093,,,,,,无,
1284092,,,,,,无,
1284091,,,,,,无,
1284075,,,,,,无,
1284069,,,,,,无,
1284078,,,,,,无,
1284073,,,,,,无,
1284084,,,,,,无,
1284081,,,,,,无,
1284083,,,,,,无,
1284072,,,,,,无,
1284080,,,,,,无,
1284077,,,,,,无,
1284076,,,,,,无,
1284079,,,,,,无,
1284088,,,,,,无,
1284085,,,,,,无,
1284070,,,,,,无,
1284089,,,,,,无,
1284074,,,,,,无,
1284071,,,,,,无,
1284068,,,,,,无,
1235709,,,,,,无,
1283941,,,,,,无,
1283662,,,,,,无,
1283663,,,,,,无,
1232947,3月一付,3月房租,-,60个月,60个月,无,否
1216608,3月一付,2月房租,-,-,36个月,无,否
1282883,,,,,,无,
1282062,,,,,,无,
1112619,3月一付,2月房租,-,-,24个月,无,否
1254079,3月一付,2月房租,-,1个月,60个月,无,否
1235362,年付（18万）,1月房租,-,-,36个月,无,否
1283882,,,,,,无,
1283881,,,,,,无,
1283880,,,,,,无,
1283878,,,,,,无,
1283877,,,,,,无,
1283876,,,,,,无,
1283875,,,,,,无,
1283874,,,,,,无,
1283873,,,,,,无,
1283872,,,,,,无,
1283870,,,,,,无,
1283869,,,,,,无,
1283868,,,,,,无,
1283867,,,,,,无,
1283866,,,,,,无,
1283864,,,,,,无,
1283863,,,,,,无,
1283862,,,,,,无,
1283860,,,,,,无,
1283859,,,,,,无,
1283858,,,,,,无,
1283856,,,,,,无,
1283855,,,,,,无,
1283854,,,,,,无,
1283853,,,,,,无,
1283852,,,,,,无,
1283851,,,,,,无,
1283850,,,,,,无,
1283849,,,,,,无,
1283848,,,,,,无,
1283847,,,,,,无,
1283846,,,,,,无,
1283845,,,,,,无,
1283843,,,,,,无,
1283841,,,,,,无,
1283840,,,,,,无,
1283839,,,,,,无,
1283838,,,,,,无,
1283836,,,,,,无,
1283835,,,,,,无,
1283834,,,,,,无,
1283833,,,,,,无,
1283832,,,,,,无,
1283831,,,,,,无,
1283828,,,,,,无,
1283827,,,,,,无,
1283826,,,,,,无,
1283825,,,,,,无,
1283823,,,,,,无,
1283822,,,,,,无,
1283821,,,,,,无,
1283819,,,,,,无,
1283818,,,,,,无,
1283817,,,,,,无,
1283816,,,,,,无,
1283815,,,,,,无,
1283814,,,,,,无,
1283813,,,,,,无,
1283809,,,,,,无,
1283806,,,,,,无,
1283805,,,,,,无,
1283804,,,,,,无,
1283811,,,,,,无,
1283810,,,,,,无,
1283808,,,,,,无,
1283803,,,,,,无,
1283802,,,,,,无,
1283801,,,,,,无,
1283800,,,,,,无,
1283799,,,,,,无,
1283798,,,,,,无,
1283797,,,,,,无,
1283795,,,,,,无,
1283794,,,,,,无,
1283793,,,,,,无,
1283791,,,,,,无,
1283790,,,,,,无,
1283789,,,,,,无,
1283788,,,,,,无,
1283787,,,,,,无,
1283786,,,,,,无,
1283785,,,,,,无,
1283783,,,,,,无,
1283781,,,,,,无,
1283780,,,,,,无,
1283779,,,,,,无,
1283778,,,,,,无,
1283777,,,,,,无,
1283776,,,,,,无,
1283774,,,,,,无,
1283773,,,,,,无,
1283772,,,,,,无,
1283771,,,,,,无,
1283770,,,,,,无,
1283769,,,,,,无,
1283768,,,,,,无,
1283736,,,,,,无,
1283749,,,,,,无,
1283739,,,,,,无,
1283737,,,,,,无,
1283745,,,,,,无,
1283743,,,,,,无,
1283735,,,,,,无,
1283750,,,,,,无,
1283752,,,,,,无,
1283747,,,,,,无,
1283742,,,,,,无,
1283738,,,,,,无,
1283741,,,,,,无,
1283751,,,,,,无,
1283740,,,,,,无,
1283767,,,,,,无,
1283766,,,,,,无,
1283765,,,,,,无,
1283764,,,,,,无,
1283763,,,,,,无,
1283762,,,,,,无,
1283761,,,,,,无,
1283760,,,,,,无,
1283758,,,,,,无,
1283757,,,,,,无,
1283756,,,,,,无,
1283755,,,,,,无,
1283754,,,,,,无,
1283792,,,,,,无,
1283730,,,,,,无,
1283731,,,,,,无,
1283733,,,,,,无,
1283732,,,,,,无,
1283734,,,,,,无,
1283728,,,,,,无,
1283729,,,,,,无,
1237621,半年付（3万）,3月房租,-,4个月,36个月,无,否
1232617,半年付（1.8万）,7400元,-,6个月,12个月,无,否
1114795,3月一付,2月房租,-,-,12个月,无,否
1283467,,,,,,无,
1283466,,,,,,无,
1283465,,,,,,无,
1283464,,,,,,无,
1283463,,,,,,无,
1283462,,,,,,无,
1283461,,,,,,无,
1283460,,,,,,无,
1283459,,,,,,无,
1283457,,,,,,无,
1283456,,,,,,无,
1283455,,,,,,无,
1283454,,,,,,无,
1283453,,,,,,无,
1283452,,,,,,无,
1283451,,,,,,无,
1283449,,,,,,无,
1283448,,,,,,无,
1283447,,,,,,无,
1283446,,,,,,无,
1283444,,,,,,无,
1283443,,,,,,无,
1283442,,,,,,无,
1283441,,,,,,无,
1283440,,,,,,无,
1283439,,,,,,无,
1283438,,,,,,无,
1283437,,,,,,无,
1283436,,,,,,无,
1283435,,,,,,无,
1283434,,,,,,无,
1283433,,,,,,无,
1283432,,,,,,无,
1283430,,,,,,无,
1283429,,,,,,无,
1283428,,,,,,无,
1283427,,,,,,无,
1283426,,,,,,无,
1283425,,,,,,无,
1283424,,,,,,无,
1283423,,,,,,无,
1283421,,,,,,无,
1283420,,,,,,无,
1283418,,,,,,无,
1283417,,,,,,无,
1283416,,,,,,无,
1283415,,,,,,无,
1283414,,,,,,无,
1283413,,,,,,无,
1283412,,,,,,无,
1283411,,,,,,无,
1283410,,,,,,无,
1283409,,,,,,无,
1283408,,,,,,无,
1283407,,,,,,无,
1283405,,,,,,无,
1283404,,,,,,无,
1283403,,,,,,无,
1283402,,,,,,无,
1283401,,,,,,无,
1283352,,,,,,无,
1283349,,,,,,无,
1283350,,,,,,无,
1283400,,,,,,无,
1283351,,,,,,无,
1283348,,,,,,无,
1283399,,,,,,无,
1283398,,,,,,无,
1283397,,,,,,无,
1283396,,,,,,无,
1283395,,,,,,无,
1283394,,,,,,无,
1283393,,,,,,无,
1283391,,,,,,无,
1283390,,,,,,无,
1283389,,,,,,无,
1283388,,,,,,无,
1283387,,,,,,无,
1283353,,,,,,无,
1283355,,,,,,无,
1283386,,,,,,无,
1283354,,,,,,无,
1283356,,,,,,无,
1283385,,,,,,无,
1283384,,,,,,无,
1283383,,,,,,无,
1283382,,,,,,无,
1283380,,,,,,无,
1283379,,,,,,无,
1283378,,,,,,无,
1283377,,,,,,无,
1283376,,,,,,无,
1283375,,,,,,无,
1283374,,,,,,无,
1283373,,,,,,无,
1283357,,,,,,无,
1283359,,,,,,无,
1283360,,,,,,无,
1283366,,,,,,无,
1283367,,,,,,无,
1283369,,,,,,无,
1283363,,,,,,无,
1283361,,,,,,无,
1283368,,,,,,无,
1283365,,,,,,无,
1283364,,,,,,无,
1283362,,,,,,无,
1283358,,,,,,无,
1283371,,,,,,无,
1283372,,,,,,无,
1283370,,,,,,无,
1283347,,,,,,无,
1281450,,,,,,无,
1283041,,,,,,无,
1283042,,,,,,无,
1253759,3月一付,1月房租,-,3个月,12个月,无,否
1226159,3月一付,1月房租,-,28个月,36个月,无,否
1015575,3月一付,1月房租,-,24个月,36个月,另签一份,否
1192136,3月一付,3月房租,-,36个月,36个月,无,否
1177992,3月一付,1月房租,-,18个月,18个月,无,否
1277533,,,,,,无,
1283250,,,,,,无,
1283249,,,,,,无,
1283248,,,,,,无,
1283247,,,,,,无,
1283246,,,,,,无,
1283245,,,,,,无,
1283243,,,,,,无,
1283242,,,,,,无,
1283241,,,,,,无,
1283240,,,,,,无,
1283239,,,,,,无,
1283238,,,,,,无,
1283237,,,,,,无,
1283236,,,,,,无,
1283235,,,,,,无,
1283234,,,,,,无,
1283051,,,,,,无,
1283233,,,,,,无,
1283232,,,,,,无,
1283231,,,,,,无,
1283230,,,,,,无,
1283229,,,,,,无,
1283227,,,,,,无,
1283226,,,,,,无,
1283225,,,,,,无,
1283224,,,,,,无,
1283223,,,,,,无,
1283222,,,,,,无,
1283221,,,,,,无,
1283220,,,,,,无,
1283219,,,,,,无,
1283218,,,,,,无,
1283217,,,,,,无,
1283215,,,,,,无,
1283214,,,,,,无,
1283213,,,,,,无,
1283211,,,,,,无,
1283210,,,,,,无,
1283208,,,,,,无,
1283207,,,,,,无,
1283206,,,,,,无,
1283205,,,,,,无,
1283204,,,,,,无,
1283203,,,,,,无,
1283201,,,,,,无,
1283200,,,,,,无,
1283199,,,,,,无,
1283198,,,,,,无,
1283196,,,,,,无,
1283195,,,,,,无,
1283194,,,,,,无,
1283193,,,,,,无,
1283192,,,,,,无,
1283191,,,,,,无,
1283190,,,,,,无,
1283189,,,,,,无,
1283188,,,,,,无,
1283187,,,,,,无,
1283185,,,,,,无,
1283182,,,,,,无,
1283181,,,,,,无,
1283180,,,,,,无,
1283179,,,,,,无,
1277843,,,,,,无,
1283178,,,,,,无,
1283177,,,,,,无,
1283176,,,,,,无,
1283175,,,,,,无,
1283174,,,,,,无,
1283173,,,,,,无,
1283113,,,,,,无,
1283114,,,,,,无,
1283112,,,,,,无,
1283167,,,,,,无,
1283169,,,,,,无,
1283166,,,,,,无,
1283170,,,,,,无,
1283171,,,,,,无,
1283172,,,,,,无,
1283165,,,,,,无,
1283168,,,,,,无,
1283164,,,,,,无,
1283163,,,,,,无,
1283162,,,,,,无,
1283161,,,,,,无,
1283160,,,,,,无,
1283159,,,,,,无,
1283158,,,,,,无,
1283157,,,,,,无,
1283209,,,,,,无,
1283156,,,,,,无,
1283155,,,,,,无,
1283154,,,,,,无,
1283153,,,,,,无,
1283152,,,,,,无,
1283151,,,,,,无,
1283149,,,,,,无,
1283148,,,,,,无,
1283147,,,,,,无,
1283146,,,,,,无,
1283145,,,,,,无,
1283144,,,,,,无,
1283143,,,,,,无,
1283118,,,,,,无,
1283131,,,,,,无,
1283129,,,,,,无,
1283130,,,,,,无,
1283124,,,,,,无,
1298420,3月一付,2月房租,-,2个月,36个月,无,否
1283141,,,,,,无,
1283117,,,,,,无,
1283115,,,,,,无,
1283140,,,,,,无,
1283135,,,,,,无,
1283116,,,,,,无,
1283119,,,,,,无,
1283123,,,,,,无,
1283137,,,,,,无,
1283121,,,,,,无,
1283136,,,,,,无,
1283139,,,,,,无,
1283128,,,,,,无,
1283120,,,,,,无,
1283132,,,,,,无,
1283133,,,,,,无,
1283127,,,,,,无,
1283126,,,,,,无,
1283142,,,,,,无,
1283122,,,,,,无,
1283125,,,,,,无,
1283134,,,,,,无,
1283052,,,,,,无,
1283053,,,,,,无,
1283054,,,,,,无,
1283047,,,,,,无,
1283048,,,,,,无,
1283049,,,,,,无,
1283050,,,,,,无,
1283038,,,,,,无,
1283043,,,,,,无,
1283045,,,,,,无,
1235600,3月一付,2月房租,-,-,36个月,无,否
1231804,半年付（8.7万）,1月房租,-,-,36个月,无,否
1281258,,,,,,无,
1281304,,,,,,无,
1161078,,,,,,无,
1282931,,,,,,无,
1282930,,,,,,无,
1282929,,,,,,无,
1282928,,,,,,无,
1282927,,,,,,无,
1282926,,,,,,无,
1282925,,,,,,无,
1282924,,,,,,无,
1282922,,,,,,无,
1282921,,,,,,无,
1282919,,,,,,无,
1282917,,,,,,无,
1282916,,,,,,无,
1282915,,,,,,无,
1282914,,,,,,无,
1282913,,,,,,无,
1282911,,,,,,无,
1282910,,,,,,无,
1282908,,,,,,无,
1282907,,,,,,无,
1282906,,,,,,无,
1282905,,,,,,无,
1282904,,,,,,无,
1282903,,,,,,无,
1282902,,,,,,无,
1282901,,,,,,无,
1282900,,,,,,无,
1282897,,,,,,无,
1282896,,,,,,无,
1282895,,,,,,无,
1282894,,,,,,无,
1282893,,,,,,无,
1282892,,,,,,无,
1282890,,,,,,无,
1282888,,,,,,无,
1282887,,,,,,无,
1282885,,,,,,无,
1282884,,,,,,无,
1282882,,,,,,无,
1282881,,,,,,无,
1282880,,,,,,无,
1282879,,,,,,无,
1282878,,,,,,无,
1282877,,,,,,无,
1282876,,,,,,无,
1282875,,,,,,无,
1282872,,,,,,无,
1282871,,,,,,无,
1282870,,,,,,无,
1282868,,,,,,无,
1282867,,,,,,无,
1282866,,,,,,无,
1282865,,,,,,无,
1282864,,,,,,无,
1282863,,,,,,无,
1282862,,,,,,无,
1282861,,,,,,无,
1282860,,,,,,无,
1282891,,,,,,无,
1282858,,,,,,无,
1282856,,,,,,无,
1282855,,,,,,无,
1282854,,,,,,无,
1282853,,,,,,无,
1282852,,,,,,无,
1282851,,,,,,无,
1282850,,,,,,无,
1282849,,,,,,无,
1282848,,,,,,无,
1282847,,,,,,无,
1282846,,,,,,无,
1282845,,,,,,无,
1282844,,,,,,无,
1282843,,,,,,无,
1282842,,,,,,无,
1282841,,,,,,无,
1282840,,,,,,无,
1282838,,,,,,无,
1282837,,,,,,无,
1282836,,,,,,无,
1282835,,,,,,无,
1282834,,,,,,无,
1282833,,,,,,无,
1282832,,,,,,无,
1282831,,,,,,无,
1282830,,,,,,无,
1282829,,,,,,无,
1282828,,,,,,无,
1282827,,,,,,无,
1282826,,,,,,无,
1282825,,,,,,无,
1282816,,,,,,无,
1282819,,,,,,无,
1282822,,,,,,无,
1282815,,,,,,无,
1282823,,,,,,无,
1282821,,,,,,无,
1282820,,,,,,无,
1282824,,,,,,无,
1282818,,,,,,无,
1282817,,,,,,无,
1282857,,,,,,无,
1282814,,,,,,无,
1282813,,,,,,无,
1282812,,,,,,无,
1282811,,,,,,无,
1282810,,,,,,无,
1282809,,,,,,无,
1282808,,,,,,无,
1282807,,,,,,无,
1282806,,,,,,无,
1282800,,,,,,无,
1282794,,,,,,无,
1282796,,,,,,无,
1282801,,,,,,无,
1282799,,,,,,无,
1282803,,,,,,无,
1282802,,,,,,无,
1282798,,,,,,无,
1282795,,,,,,无,
1282804,,,,,,无,
1282347,,,,,,无,
1282193,,,,,,无,
1282711,,,,,,无,
1275589,,,,,,无,
1265014,,,,,,无,
1282624,,,,,,无,
1282623,,,,,,无,
1282622,,,,,,无,
1282621,,,,,,无,
1282620,,,,,,无,
1282619,,,,,,无,
1282618,,,,,,无,
1282617,,,,,,无,
1282616,,,,,,无,
1282615,,,,,,无,
1282613,,,,,,无,
1282612,,,,,,无,
1282611,,,,,,无,
1282610,,,,,,无,
1282607,,,,,,无,
1282606,,,,,,无,
1282605,,,,,,无,
1282603,,,,,,无,
1282602,,,,,,无,
1282601,,,,,,无,
1282600,,,,,,无,
1282599,,,,,,无,
1282598,,,,,,无,
1282597,,,,,,无,
1282539,,,,,,无,
1282543,,,,,,无,
1282541,,,,,,无,
1282596,,,,,,无,
1282540,,,,,,无,
1282595,,,,,,无,
1282594,,,,,,无,
1282593,,,,,,无,
1282592,,,,,,无,
1282591,,,,,,无,
1282590,,,,,,无,
1282588,,,,,,无,
1282587,,,,,,无,
1282586,,,,,,无,
1282585,,,,,,无,
1282584,,,,,,无,
1282583,,,,,,无,
1282545,,,,,,无,
1282562,,,,,,无,
1282560,,,,,,无,
1282551,,,,,,无,
1282558,,,,,,无,
1282555,,,,,,无,
1282552,,,,,,无,
1282546,,,,,,无,
1282547,,,,,,无,
1282553,,,,,,无,
1282548,,,,,,无,
1282557,,,,,,无,
1282554,,,,,,无,
1282559,,,,,,无,
1282561,,,,,,无,
1282556,,,,,,无,
1282549,,,,,,无,
1282544,,,,,,无,
1282582,,,,,,无,
1282581,,,,,,无,
1282580,,,,,,无,
1282579,,,,,,无,
1282578,,,,,,无,
1282577,,,,,,无,
1282576,,,,,,无,
1282575,,,,,,无,
1282573,,,,,,无,
1282572,,,,,,无,
1282571,,,,,,无,
1282570,,,,,,无,
1282568,,,,,,无,
1282564,,,,,,无,
1282563,,,,,,无,
1282567,,,,,,无,
1282565,,,,,,无,
1282537,,,,,,无,
1282538,,,,,,无,
1282533,,,,,,无,
1282536,,,,,,无,
1282535,,,,,,无,
1282530,,,,,,无,
1282532,,,,,,无,
1243229,半年付（9万）,2月房租,-,48个月,48个月,无,否
1163992,3月一付,1月房租,-,-,36个月,无,否
1281843,,,,,,无,
1282217,,,,,,无,
1187933,,,,,,无,
1282223,,,,,,无,
1282220,,,,,,无,
1282214,,,,,,无,
1282221,,,,,,无,
1282225,,,,,,无,
1282226,,,,,,无,
1282224,,,,,,无,
1281875,,,,,,无,
1245779,半年付（4万）,1月房租,-,1个月,72个月,无,否
1232014,3月一付,2月房租,-,-,12个月,无,否
1249040,半年付（24万）,1月房租,-,-,60个月,无,否
1187076,3月一付,3月房租,-,-,60个月,无,否
1282421,,,,,,无,
1282200,,,,,,无,
1282201,,,,,,无,
1282194,,,,,,无,
1282195,,,,,,无,
1282196,,,,,,无,
1282197,,,,,,无,
1282198,,,,,,无,
1282199,,,,,,无,
1282286,,,,,,无,
1282437,,,,,,无,
1282436,,,,,,无,
1282435,,,,,,无,
1282434,,,,,,无,
1282429,,,,,,无,
1282428,,,,,,无,
1282427,,,,,,无,
1282426,,,,,,无,
1282425,,,,,,无,
1282424,,,,,,无,
1282423,,,,,,无,
1282422,,,,,,无,
1282420,,,,,,无,
1282419,,,,,,无,
1282418,,,,,,无,
1282417,,,,,,无,
1282415,,,,,,无,
1282414,,,,,,无,
1282412,,,,,,无,
1282411,,,,,,无,
1282410,,,,,,无,
1282409,,,,,,无,
1282408,,,,,,无,
1282407,,,,,,无,
1282405,,,,,,无,
1282404,,,,,,无,
1282403,,,,,,无,
1282402,,,,,,无,
1282401,,,,,,无,
1282400,,,,,,无,
1282399,,,,,,无,
1282396,,,,,,无,
1282395,,,,,,无,
1282394,,,,,,无,
1282393,,,,,,无,
1282392,,,,,,无,
1282391,,,,,,无,
1282390,,,,,,无,
1282389,,,,,,无,
1282388,,,,,,无,
1282335,,,,,,无,
1282332,,,,,,无,
1282333,,,,,,无,
1282331,,,,,,无,
1282334,,,,,,无,
1282336,,,,,,无,
1282337,,,,,,无,
1282329,,,,,,无,
1282386,,,,,,无,
1282385,,,,,,无,
1282384,,,,,,无,
1282383,,,,,,无,
1282382,,,,,,无,
1282381,,,,,,无,
1282379,,,,,,无,
1282377,,,,,,无,
1282376,,,,,,无,
1282375,,,,,,无,
1282345,,,,,,无,
1282344,,,,,,无,
1282338,,,,,,无,
1282346,,,,,,无,
1282374,,,,,,无,
1282340,,,,,,无,
1282348,,,,,,无,
1282339,,,,,,无,
1282341,,,,,,无,
1282351,,,,,,无,
1282353,,,,,,无,
1282349,,,,,,无,
1282356,,,,,,无,
1282354,,,,,,无,
1282431,,,,,,无,
1282352,,,,,,无,
1282355,,,,,,无,
1282371,,,,,,无,
1282370,,,,,,无,
1282369,,,,,,无,
1282367,,,,,,无,
1282365,,,,,,无,
1282364,,,,,,无,
1282362,,,,,,无,
1282361,,,,,,无,
1282360,,,,,,无,
1282358,,,,,,无,
1282363,,,,,,无,
1282202,,,,,,无,
1282203,,,,,,无,
1282204,,,,,,无,
1282205,,,,,,无,
1282206,,,,,,无,
1282207,,,,,,无,
1282208,,,,,,无,
1281855,,,,,,无,
1282210,,,,,,无,
1138896,半年付（4.5万）,1月房租,-,-,24个月,无,否
1282211,,,,,,无,
1282212,,,,,,无,
1282213,,,,,,无,
1282215,,,,,,无,
1282216,,,,,,无,
1282218,,,,,,无,
1282234,,,,,,无,
1282236,,,,,,无,
1282256,,,,,,无,
1282257,,,,,,无,
1282264,,,,,,无,
1246874,3月一付,1月房租,-,-,12个月,无,否
1246989,3月一付,2月房租,-,-,24个月,无,否
1282116,,,,,,无,
1282115,,,,,,无,
1282114,,,,,,无,
1282113,,,,,,无,
1282112,,,,,,无,
1282111,,,,,,无,
1282110,,,,,,无,
1282109,,,,,,无,
1282108,,,,,,无,
1282106,,,,,,无,
1282104,,,,,,无,
1282103,,,,,,无,
1282102,,,,,,无,
1282101,,,,,,无,
1282100,,,,,,无,
1282099,,,,,,无,
1282098,,,,,,无,
1282097,,,,,,无,
1282096,,,,,,无,
1282095,,,,,,无,
1282094,,,,,,无,
1282093,,,,,,无,
1282092,,,,,,无,
1282091,,,,,,无,
1282090,,,,,,无,
1282089,,,,,,无,
1282088,,,,,,无,
1282087,,,,,,无,
1282086,,,,,,无,
1282084,,,,,,无,
1282083,,,,,,无,
1282082,,,,,,无,
1282081,,,,,,无,
1282080,,,,,,无,
1282079,,,,,,无,
1282078,,,,,,无,
1282076,,,,,,无,
1282075,,,,,,无,
1282074,,,,,,无,
1282073,,,,,,无,
1282070,,,,,,无,
1282069,,,,,,无,
1282068,,,,,,无,
1282067,,,,,,无,
1282066,,,,,,无,
1282065,,,,,,无,
1282064,,,,,,无,
1282063,,,,,,无,
1282061,,,,,,无,
1282060,,,,,,无,
1282059,,,,,,无,
1282057,,,,,,无,
1282056,,,,,,无,
1282055,,,,,,无,
1282053,,,,,,无,
1282052,,,,,,无,
1282050,,,,,,无,
1282049,,,,,,无,
1282048,,,,,,无,
1282047,,,,,,无,
1282046,,,,,,无,
1282045,,,,,,无,
1282044,,,,,,无,
1282042,,,,,,无,
1282041,,,,,,无,
1282040,,,,,,无,
1282039,,,,,,无,
1282038,,,,,,无,
1282037,,,,,,无,
1282036,,,,,,无,
1282035,,,,,,无,
1282033,,,,,,无,
1282032,,,,,,无,
1282031,,,,,,无,
1282030,,,,,,无,
1282029,,,,,,无,
1282028,,,,,,无,
1282027,,,,,,无,
1282025,,,,,,无,
1282024,,,,,,无,
1282023,,,,,,无,
1282021,,,,,,无,
1282020,,,,,,无,
1282019,,,,,,无,
1282018,,,,,,无,
1282015,,,,,,无,
1282014,,,,,,无,
1282011,,,,,,无,
1282010,,,,,,无,
1282009,,,,,,无,
1282008,,,,,,无,
1282007,,,,,,无,
1282006,,,,,,无,
1282004,,,,,,无,
1282003,,,,,,无,
1282002,,,,,,无,
1282001,,,,,,无,
1282000,,,,,,无,
1281999,,,,,,无,
1281998,,,,,,无,
1281997,,,,,,无,
1281994,,,,,,无,
1281993,,,,,,无,
1281992,,,,,,无,
1281920,,,,,,无,
1281918,,,,,,无,
1281919,,,,,,无,
1281991,,,,,,无,
1281990,,,,,,无,
1281989,,,,,,无,
1281988,,,,,,无,
1281987,,,,,,无,
1281986,,,,,,无,
1281985,,,,,,无,
1281984,,,,,,无,
1281983,,,,,,无,
1281981,,,,,,无,
1281980,,,,,,无,
1281979,,,,,,无,
1281977,,,,,,无,
1281950,,,,,,无,
1281933,,,,,,无,
1281938,,,,,,无,
1281940,,,,,,无,
1281921,,,,,,无,
1281928,,,,,,无,
1281941,,,,,,无,
1281951,,,,,,无,
1281944,,,,,,无,
1281929,,,,,,无,
1281926,,,,,,无,
1281949,,,,,,无,
1281946,,,,,,无,
1281947,,,,,,无,
1281934,,,,,,无,
1281935,,,,,,无,
1281932,,,,,,无,
1281931,,,,,,无,
1281939,,,,,,无,
1281923,,,,,,无,
1281930,,,,,,无,
1281943,,,,,,无,
1281948,,,,,,无,
1281936,,,,,,无,
1281937,,,,,,无,
1281942,,,,,,无,
1281945,,,,,,无,
1281922,,,,,,无,
1281925,,,,,,无,
1281952,,,,,,无,
1281962,,,,,,无,
1281958,,,,,,无,
1281966,,,,,,无,
1281969,,,,,,无,
1281954,,,,,,无,
1281960,,,,,,无,
1281955,,,,,,无,
1281961,,,,,,无,
1281976,,,,,,无,
1281963,,,,,,无,
1281957,,,,,,无,
1281956,,,,,,无,
1281968,,,,,,无,
1281959,,,,,,无,
1281965,,,,,,无,
1281964,,,,,,无,
1281967,,,,,,无,
1281970,,,,,,无,
1281975,,,,,,无,
1281974,,,,,,无,
1281973,,,,,,无,
1281972,,,,,,无,
1281971,,,,,,无,
1282107,,,,,,无,
1281917,,,,,,无,
1281916,,,,,,无,
1281915,,,,,,无,
1281914,,,,,,无,
1281913,,,,,,无,
1281912,,,,,,无,
1281911,,,,,,无,
1281910,,,,,,无,
1281909,,,,,,无,
1281908,,,,,,无,
1281907,,,,,,无,
1281906,,,,,,无,
1281905,,,,,,无,
1281903,,,,,,无,
1281901,,,,,,无,
1281900,,,,,,无,
1281884,,,,,,无,
1281881,,,,,,无,
1281883,,,,,,无,
1281882,,,,,,无,
1281885,,,,,,无,
1281874,,,,,,无,
1281878,,,,,,无,
1281879,,,,,,无,
1281876,,,,,,无,
1281880,,,,,,无,
1281892,,,,,,无,
1281895,,,,,,无,
1281893,,,,,,无,
1281891,,,,,,无,
1281890,,,,,,无,
1281888,,,,,,无,
1281894,,,,,,无,
1281886,,,,,,无,
1281889,,,,,,无,
1281887,,,,,,无,
1281899,,,,,,无,
1281898,,,,,,无,
1266844,,,,,,无,
1109444,3月一付,1月房租,-,-,23个月,无,否
1260430,,,,,,无,
1265674,,,,,,无,
1281839,,,,,,无,
1281842,,,,,,无,
1281845,,,,,,无,
1219767,年付（18万）,1月房租,-,18个月,36个月,无,否
1279062,,,,,,无,
1279201,,,,,,无,
1279219,,,,,,无,
1281606,,,,,,无,
1281608,,,,,,无,
1281613,,,,,,无,
1281614,,,,,,无,
1281615,,,,,,无,
1281620,,,,,,无,
1281710,,,,,,无,
1271263,,,,,,无,
1245887,3月一付,2月房租,-,1个月,24个月,无,否
1249332,半年付（4.8万）,1月房租,-,2个月,24个月,无,-
1281259,,,,,,无,
1281716,,,,,,无,
1281715,,,,,,无,
1281714,,,,,,无,
1281697,,,,,,无,
1281703,,,,,,无,
1281699,,,,,,无,
1281707,,,,,,无,
1281706,,,,,,无,
1281712,,,,,,无,
1281705,,,,,,无,
1281702,,,,,,无,
1281713,,,,,,无,
1281704,,,,,,无,
1281711,,,,,,无,
1281709,,,,,,无,
1281700,,,,,,无,
1281532,,,,,,无,
1281251,,,,,,无,
1222652,,,,,,无,
1019095,,,,,,无,
1281645,,,,,,无,
1281648,,,,,,无,
1281647,,,,,,无,
1281646,,,,,,无,
1281644,,,,,,无,
1281639,,,,,,无,
1281638,,,,,,无,
1281636,,,,,,无,
1281635,,,,,,无,
1281629,,,,,,无,
1281630,,,,,,无,
1281628,,,,,,无,
1281632,,,,,,无,
1281625,,,,,,无,
1281618,,,,,,无,
1281622,,,,,,无,
1281619,,,,,,无,
1281621,,,,,,无,
1281623,,,,,,无,
1281611,,,,,,无,
1281607,,,,,,无,
1281612,,,,,,无,
1281609,,,,,,无,
1281610,,,,,,无,
1263800,,,,,,无,
1235724,半年付（7.5万）,10000元,-,60个月,72个月,无,否
1226719,3月一付,2月房租,-,-,60个月,无,否
1228541,3月一付,3月房租,-,3个月,-,无,否
1248303,年付（11.64万）,,-,9个月,12个月,无,否
1241541,3月一付,1月房租,-,-,60个月,无,否
1281577,,,,,,无,
1281576,,,,,,无,
1281575,,,,,,无,
1281574,,,,,,无,
1281573,,,,,,无,
1281572,,,,,,无,
1281571,,,,,,无,
1281570,,,,,,无,
1281569,,,,,,无,
1281568,,,,,,无,
1281567,,,,,,无,
1281564,,,,,,无,
1281557,,,,,,无,
1281559,,,,,,无,
1281556,,,,,,无,
1281552,,,,,,无,
1281555,,,,,,无,
1281562,,,,,,无,
1281553,,,,,,无,
1281551,,,,,,无,
1281558,,,,,,无,
1281561,,,,,,无,
1281563,,,,,,无,
1281554,,,,,,无,
1281550,,,,,,无,
1281549,,,,,,无,
1281548,,,,,,无,
1281530,,,,,,无,
1281531,,,,,,无,
1281533,,,,,,无,
1281535,,,,,,无,
1281546,,,,,,无,
1281529,,,,,,无,
1281534,,,,,,无,
1281540,,,,,,无,
1281545,,,,,,无,
1281542,,,,,,无,
1281538,,,,,,无,
1281536,,,,,,无,
1281539,,,,,,无,
1281541,,,,,,无,
1281543,,,,,,无,
1281544,,,,,,无,
1281461,,,,,,无,
1281500,,,,,,无,
1281501,,,,,,无,
1281497,,,,,,无,
1281492,,,,,,无,
921557,3月一付,1月房租,-,-,36个月,另签一份,否
1281490,,,,,,无,
1281485,,,,,,无,
1281484,,,,,,无,
1281486,,,,,,无,
1281479,,,,,,无,
1281477,,,,,,无,
1281478,,,,,,无,
1281476,,,,,,无,
1281474,,,,,,无,
1281475,,,,,,无,
1281468,,,,,,无,
1281471,,,,,,无,
1255539,,,,,,无,
1281464,,,,,,无,
1281462,,,,,,无,
1281460,,,,,,无,
1281463,,,,,,无,
1281443,,,,,,无,
1281442,,,,,,无,
1281441,,,,,,无,
1281440,,,,,,无,
1281439,,,,,,无,
1281438,,,,,,无,
1281437,,,,,,无,
1281436,,,,,,无,
1281435,,,,,,无,
1281433,,,,,,无,
1281432,,,,,,无,
1281429,,,,,,无,
1281427,,,,,,无,
1281425,,,,,,无,
1281424,,,,,,无,
1281423,,,,,,无,
1281422,,,,,,无,
1281421,,,,,,无,
1281420,,,,,,无,
1281419,,,,,,无,
1281418,,,,,,无,
1281417,,,,,,无,
1281416,,,,,,无,
1281415,,,,,,无,
1281414,,,,,,无,
1281412,,,,,,无,
1281411,,,,,,无,
1281410,,,,,,无,
1281409,,,,,,无,
1281408,,,,,,无,
1281407,,,,,,无,
1281406,,,,,,无,
1281405,,,,,,无,
1281404,,,,,,无,
1281403,,,,,,无,
1281402,,,,,,无,
1281401,,,,,,无,
1281400,,,,,,无,
1281399,,,,,,无,
1281398,,,,,,无,
1281397,,,,,,无,
1281396,,,,,,无,
1281395,,,,,,无,
1281394,,,,,,无,
1281393,,,,,,无,
1281392,,,,,,无,
1281391,,,,,,无,
1281382,,,,,,无,
1281385,,,,,,无,
1281379,,,,,,无,
1281387,,,,,,无,
1281386,,,,,,无,
1281389,,,,,,无,
1281381,,,,,,无,
1281388,,,,,,无,
1281383,,,,,,无,
1281390,,,,,,无,
1281378,,,,,,无,
1278763,,,,,,无,
1219559,半年付（3.84万）,1月房租,-,-,60个月,无,否
1281324,,,,,,无,
1281323,,,,,,无,
1281322,,,,,,无,
1281319,,,,,,无,
1281318,,,,,,无,
1130722,3月一付,1月房租,-,-,12个月,无,否
1138483,3月一付,1月房租,-,-,60个月,无,否
1281305,,,,,,无,
1281308,,,,,,无,
1281307,,,,,,无,
1281306,,,,,,无,
1281314,,,,,,无,
1281313,,,,,,无,
1281315,,,,,,无,
1281310,,,,,,无,
1281309,,,,,,无,
1281312,,,,,,无,
1182634,3月一付,2月房租,-,-,24个月,无,否
1267045,,,,,,无,
1281302,,,,,,无,
1281301,,,,,,无,
1281300,,,,,,无,
1281295,,,,,,无,
1281299,,,,,,无,
1281296,,,,,,无,
1281297,,,,,,无,
1281298,,,,,,无,
1281294,,,,,,无,
1278759,,,,,,无,
1280794,,,,,,无,
1224394,1月一付,3月房租,-,-,24个月,无,否
1281237,,,,,,无,
1281228,,,,,,无,
1281235,,,,,,无,
1281232,,,,,,无,
1281233,,,,,,无,
1281229,,,,,,无,
1281245,,,,,,无,
1281242,,,,,,无,
1281240,,,,,,无,
1281234,,,,,,无,
1281230,,,,,,无,
1281236,,,,,,无,
1281239,,,,,,无,
1281247,,,,,,无,
1281246,,,,,,无,
1281244,,,,,,无,
1281238,,,,,,无,
1281243,,,,,,无,
1281188,,,,,,无,
1062655,3月一付,1月房租,-,-,24个月,另签一份,否
1279686,,,,,,无,
1249285,,,,,,无,
1233480,2月一付,2月房租,-,-,12个月,无,否
895329,3月一付,1月房租,-,-,36个月,无,否
1228771,3月一付,1月房租,-,-,36个月,无,否
1144676,3月一付,3月房租,-,-,24个月,无,否
1270630,,,,,,无,
1270665,,,,,,无,
1270716,,,,,,无,
1271728,,,,,,无,
870384,半年付（8.39万）,1月房租,-,-,36个月,无,否
1277517,,,,,,无,
1281223,,,,,,无,
1281222,,,,,,无,
1281221,,,,,,无,
1281220,,,,,,无,
1281219,,,,,,无,
1281215,,,,,,无,
1281216,,,,,,无,
1281217,,,,,,无,
1281212,,,,,,无,
1281207,,,,,,无,
1281211,,,,,,无,
1281206,,,,,,无,
1281209,,,,,,无,
1281208,,,,,,无,
1281210,,,,,,无,
1281204,,,,,,无,
1281200,,,,,,无,
1281202,,,,,,无,
1281201,,,,,,无,
1281198,,,,,,无,
1281196,,,,,,无,
1281197,,,,,,无,
1281193,,,,,,无,
1281192,,,,,,无,
1281189,,,,,,无,
1281191,,,,,,无,
1281178,,,,,,无,
1281182,,,,,,无,
1281179,,,,,,无,
1281180,,,,,,无,
1281186,,,,,,无,
1281185,,,,,,无,
1281181,,,,,,无,
1281183,,,,,,无,
1281184,,,,,,无,
1281170,,,,,,无,
1281168,,,,,,无,
1281171,,,,,,无,
1281173,,,,,,无,
1281176,,,,,,无,
1281177,,,,,,无,
1281169,,,,,,无,
1281172,,,,,,无,
1281175,,,,,,无,
1088786,半年付（4.32万）,1月房租,-,-,24个月,另签一份,否
1277767,,,,,,无,
1279531,,,,,,无,
1277851,,,,,,无,
1278836,,,,,,无,
1278374,,,,,,无,
1278519,,,,,,无,
1281068,,,,,,无,
1242924,3月一付,1月房租,-,12个月,-,无,否
933786,,,,,,无,
1181759,3月一付,1月房租,-,-,12个月,无,否
1278584,,,,,,无,
1210659,1月一付,2月房租,-,-,60个月,无,否
1277233,,,,,,无,
1245774,3月一付,2月房租,-,-,36个月,无,否
1281108,,,,,,无,
1281103,,,,,,无,
1281105,,,,,,无,
1281102,,,,,,无,
1281101,,,,,,无,
1281107,,,,,,无,
1281106,,,,,,无,
1281104,,,,,,无,
1281109,,,,,,无,
1281110,,,,,,无,
1281092,,,,,,无,
1281095,,,,,,无,
1281099,,,,,,无,
1281096,,,,,,无,
1281097,,,,,,无,
1281093,,,,,,无,
1281098,,,,,,无,
1281094,,,,,,无,
1277028,,,,,,无,
1278365,,,,,,无,
1281079,,,,,,无,
1281080,,,,,,无,
1281081,,,,,,无,
1281077,,,,,,无,
1281069,,,,,,无,
1281070,,,,,,无,
1281076,,,,,,无,
1281074,,,,,,无,
1281075,,,,,,无,
1281073,,,,,,无,
1281064,,,,,,无,
1281063,,,,,,无,
1281067,,,,,,无,
1281062,,,,,,无,
1281061,,,,,,无,
1281058,,,,,,无,
1281057,,,,,,无,
1281056,,,,,,无,
1281052,,,,,,无,
1281046,,,,,,无,
1281049,,,,,,无,
1281047,,,,,,无,
1281044,,,,,,无,
1281051,,,,,,无,
1281053,,,,,,无,
1281050,,,,,,无,
1281048,,,,,,无,
1281045,,,,,,无,
1281055,,,,,,无,
1281054,,,,,,无,
1281043,,,,,,无,
1281042,,,,,,无,
1281040,,,,,,无,
1281034,,,,,,无,
1281037,,,,,,无,
1281036,,,,,,无,
1281032,,,,,,无,
1281035,,,,,,无,
1281031,,,,,,无,
1281039,,,,,,无,
1281029,,,,,,无,
1281027,,,,,,无,
1281026,,,,,,无,
1281025,,,,,,无,
1281024,,,,,,无,
1281023,,,,,,无,
1281021,,,,,,无,
1281020,,,,,,无,
1281019,,,,,,无,
1281017,,,,,,无,
1281016,,,,,,无,
1281010,,,,,,无,
1281014,,,,,,无,
1281011,,,,,,无,
1281013,,,,,,无,
1281012,,,,,,无,
1281015,,,,,,无,
1280920,,,,,,无,
956737,,,,,,无,
1269373,,,,,,无,
1280954,,,,,,无,
1278393,,,,,,无,
1280950,,,,,,无,
1280948,,,,,,无,
1280949,,,,,,无,
1280947,,,,,,无,
1280945,,,,,,无,
1280943,,,,,,无,
1280944,,,,,,无,
1280940,,,,,,无,
1280941,,,,,,无,
1280930,,,,,,无,
1280927,,,,,,无,
1280928,,,,,,无,
1280924,,,,,,无,
1280925,,,,,,无,
1280926,,,,,,无,
1280913,,,,,,无,
1280918,,,,,,无,
1280914,,,,,,无,
1280915,,,,,,无,
1280912,,,,,,无,
1280922,,,,,,无,
1280917,,,,,,无,
1280919,,,,,,无,
1280916,,,,,,无,
1280921,,,,,,无,
1278580,,,,,,无,
1279329,,,,,,无,
1279328,,,,,,无,
1279317,,,,,,无,
1279315,,,,,,无,
1279324,,,,,,无,
1279322,,,,,,无,
1279325,,,,,,无,
1279321,,,,,,无,
1279319,,,,,,无,
1279316,,,,,,无,
1279314,,,,,,无,
1279318,,,,,,无,
1279313,,,,,,无,
1279323,,,,,,无,
1279312,,,,,,无,
1279295,,,,,,无,
1279292,,,,,,无,
1279482,,,,,,无,
1279481,,,,,,无,
1279480,,,,,,无,
1279479,,,,,,无,
1279478,,,,,,无,
1279477,,,,,,无,
1279474,,,,,,无,
1279473,,,,,,无,
1279472,,,,,,无,
1279471,,,,,,无,
1279476,,,,,,无,
1279470,,,,,,无,
1279469,,,,,,无,
1279467,,,,,,无,
1279466,,,,,,无,
1279464,,,,,,无,
1279463,,,,,,无,
